,id,subscriptionlist
0,1,"['netflix', 'tving', 'coupang', 'milessbook', 'youtube', 'watcha', 'melon']"
1,2,"['netflix', 'youtube']"
2,3,"['kukka', 'netflix', 'coupang', 'publy', 'milessbook', 'youtube', 'melon', 'bacon']"
3,4,"['tving', 'dailyshot', 'laftel', 'coupang', 'milessbook', 'watcha', 'melon', 'naver']"
4,5,"['naver', 'tving', 'trive']"
5,6,"['tlxpass', 'wisely', 'laftel', 'bacon']"
6,7,"['naver', 'kukka', 'publy']"
7,8,"['tlxpass', 'socar']"
8,9,"['kukka', 'netflix', 'dailyshot', 'bacon', 'moonday', 'youtube', 'watcha', 'tlxpass', 'wisely', 'closetshare', 'naver']"
9,10,"['netflix', 'bacon']"
10,11,"['kukka', 'netflix', 'tving', 'dailyshot', 'publy', 'moonday', 'youtube', 'wisely']"
11,12,"['socar', 'netflix', 'dailyshot', 'publy', 'laftel', 'milessbook', 'youtube', 'melon', 'naver', 'tlxpass', 'wisely', 'bacon']"
12,13,"['naver', 'moonday', 'trive']"
13,14,"['socar', 'netflix', 'laftel', 'watcha', 'melon']"
14,15,"['socar', 'kukka', 'netflix', 'coupang', 'laftel', 'moonday', 'watcha']"
15,16,"['netflix', 'trive', 'dailyshot', 'laftel', 'milessbook', 'moonday', 'youtube']"
16,17,"['kukka', 'tving', 'netflix', 'publy', 'laftel', 'moonday', 'youtube', 'naver', 'wisely', 'bacon']"
17,18,"['tlxpass', 'laftel', 'youtube', 'bacon']"
18,19,"['socar', 'trive', 'dailyshot', 'laftel', 'publy', 'coupang', 'watcha', 'melon', 'wisely', 'closetshare']"
19,20,"['tving', 'watcha', 'dailyshot']"
20,21,"['socar', 'netflix', 'tving', 'trive', 'milessbook', 'youtube', 'wisely', 'closetshare', 'naver']"
21,22,"['tlxpass', 'coupang', 'bacon']"
22,23,"['socar', 'netflix', 'dailyshot', 'bacon', 'publy', 'watcha', 'melon', 'wisely', 'tlxpass', 'closetshare', 'naver']"
23,24,"['socar', 'trive', 'netflix', 'coupang', 'melon']"
24,25,"['naver', 'wisely', 'laftel', 'dailyshot']"
25,26,"['closetshare', 'laftel']"
26,27,"['trive', 'netflix', 'dailyshot', 'coupang', 'laftel', 'publy', 'milessbook', 'moonday', 'youtube', 'melon', 'naver', 'tlxpass']"
27,28,"['kukka', 'trive', 'tving', 'laftel', 'youtube', 'watcha', 'tlxpass', 'closetshare']"
28,29,"['netflix', 'dailyshot', 'coupang', 'milessbook', 'melon', 'naver', 'wisely', 'bacon']"
29,30,"['socar', 'kukka', 'tving', 'trive', 'dailyshot', 'milessbook', 'watcha', 'tlxpass', 'naver']"
30,31,"['tlxpass', 'wisely', 'publy', 'dailyshot']"
31,32,"['trive', 'youtube', 'kukka', 'netflix']"
32,33,"['wisely', 'moonday', 'watcha', 'laftel']"
33,34,"['socar', 'kukka', 'netflix', 'tving', 'dailyshot', 'publy', 'moonday', 'watcha', 'naver', 'closetshare']"
34,35,"['socar', 'netflix', 'trive', 'laftel', 'bacon', 'coupang', 'milessbook', 'youtube', 'tlxpass', 'closetshare']"
35,36,"['naver', 'tving', 'trive', 'coupang']"
36,37,"['kukka', 'tving', 'netflix', 'publy', 'milessbook', 'moonday', 'youtube', 'watcha', 'melon', 'tlxpass', 'wisely', 'closetshare', 'naver']"
37,38,"['trive', 'tving', 'netflix', 'publy', 'milessbook', 'youtube', 'watcha']"
38,39,"['netflix', 'trive', 'dailyshot', 'laftel', 'publy', 'moonday', 'milessbook', 'youtube', 'watcha', 'melon', 'tlxpass', 'bacon']"
39,40,"['socar', 'kukka', 'netflix', 'dailyshot', 'coupang', 'publy', 'milessbook', 'moonday', 'youtube', 'watcha', 'melon', 'wisely']"
40,41,"['kukka', 'tving', 'netflix', 'milessbook', 'youtube', 'naver', 'wisely', 'closetshare']"
41,42,"['milessbook', 'dailyshot']"
42,43,"['netflix', 'dailyshot', 'laftel', 'moonday', 'youtube', 'watcha', 'naver', 'tlxpass', 'wisely']"
43,44,"['trive', 'melon', 'coupang']"
44,45,"['laftel', 'netflix', 'closetshare', 'publy']"
45,46,"['trive', 'tving', 'netflix', 'moonday', 'watcha', 'wisely', 'tlxpass', 'closetshare']"
46,47,"['tving', 'closetshare']"
47,48,"['tving', 'watcha', 'bacon']"
48,49,"['kukka', 'netflix', 'bacon', 'publy', 'laftel', 'milessbook', 'moonday', 'youtube', 'melon', 'wisely', 'tlxpass', 'closetshare']"
49,50,"['socar', 'trive', 'dailyshot', 'moonday', 'milessbook', 'melon']"
50,51,"['trive', 'netflix', 'coupang', 'publy', 'milessbook', 'watcha', 'tlxpass', 'bacon', 'naver']"
51,52,"['kukka', 'netflix', 'tving', 'dailyshot', 'moonday', 'youtube', 'watcha', 'naver', 'wisely', 'bacon']"
52,53,"['kukka', 'netflix', 'trive', 'tving', 'coupang', 'publy', 'moonday', 'watcha', 'melon', 'tlxpass', 'bacon']"
53,54,"['trive', 'netflix', 'dailyshot', 'coupang', 'moonday', 'watcha', 'tlxpass', 'naver']"
54,55,"['socar', 'kukka', 'trive', 'netflix', 'tving', 'coupang', 'youtube', 'naver']"
55,56,"['kukka', 'netflix', 'dailyshot', 'coupang', 'publy', 'laftel', 'milessbook', 'youtube', 'watcha', 'melon', 'naver', 'wisely', 'closetshare']"
56,57,"['dailyshot', 'laftel', 'publy', 'closetshare', 'wisely', 'tlxpass', 'bacon', 'naver']"
57,58,"['kukka', 'netflix', 'dailyshot', 'milessbook', 'bacon']"
58,59,"['watcha', 'closetshare', 'kukka', 'melon']"
59,60,"['milessbook', 'tving', 'watcha', 'laftel']"
60,61,"['naver', 'dailyshot', 'laftel']"
61,62,"['trive', 'dailyshot', 'laftel', 'publy', 'watcha', 'tlxpass', 'closetshare']"
62,63,"['publy', 'milessbook', 'melon', 'naver', 'bacon']"
63,64,"['youtube', 'kukka']"
64,65,"['trive', 'tving', 'laftel', 'watcha', 'tlxpass']"
65,66,"['kukka', 'netflix', 'laftel', 'moonday', 'youtube', 'watcha', 'wisely', 'tlxpass', 'bacon', 'naver']"
66,67,"['moonday', 'netflix', 'melon', 'publy']"
67,68,"['tlxpass', 'laftel']"
68,69,"['kukka', 'tving', 'publy', 'watcha', 'melon', 'tlxpass']"
69,70,"['kukka', 'trive', 'tving', 'netflix', 'publy', 'milessbook', 'youtube', 'wisely', 'tlxpass', 'bacon', 'naver']"
70,71,"['kukka', 'melon']"
71,72,"['socar', 'kukka', 'netflix', 'trive', 'laftel', 'publy', 'coupang', 'naver', 'wisely']"
72,73,"['kukka', 'tving', 'coupang', 'publy', 'moonday']"
73,74,"['kukka', 'netflix', 'trive', 'dailyshot', 'laftel', 'publy', 'youtube', 'watcha', 'closetshare']"
74,75,"['socar', 'laftel', 'moonday', 'youtube', 'watcha', 'melon', 'tlxpass', 'wisely']"
75,76,"['netflix', 'dailyshot', 'publy', 'milessbook', 'moonday', 'melon', 'wisely', 'closetshare']"
76,77,"['socar', 'dailyshot', 'bacon', 'milessbook', 'moonday', 'watcha', 'melon', 'naver', 'closetshare']"
77,78,"['watcha', 'dailyshot', 'coupang']"
78,79,"['socar', 'tving', 'laftel', 'coupang', 'milessbook', 'moonday', 'youtube', 'wisely', 'tlxpass']"
79,80,"['socar', 'kukka', 'trive', 'dailyshot', 'publy', 'coupang', 'milessbook', 'moonday', 'watcha', 'melon', 'tlxpass', 'wisely']"
80,81,"['kukka', 'netflix', 'laftel', 'coupang', 'milessbook', 'moonday', 'youtube', 'tlxpass', 'closetshare']"
81,82,"['socar', 'kukka', 'netflix', 'tving', 'laftel', 'publy', 'milessbook', 'moonday', 'watcha', 'melon', 'naver', 'tlxpass', 'closetshare']"
82,83,"['coupang', 'laftel', 'milessbook', 'melon', 'wisely', 'naver']"
83,84,"['socar', 'kukka', 'netflix', 'tving', 'milessbook', 'youtube', 'watcha', 'melon', 'wisely', 'tlxpass', 'bacon', 'naver']"
84,85,"['socar', 'trive', 'publy']"
85,86,"['socar', 'dailyshot', 'coupang', 'moonday', 'youtube', 'watcha', 'wisely', 'closetshare', 'naver']"
86,87,"['coupang', 'milessbook', 'melon', 'naver', 'wisely', 'closetshare']"
87,88,"['milessbook', 'closetshare']"
88,89,"['socar', 'kukka', 'tving', 'trive', 'dailyshot', 'publy', 'wisely', 'tlxpass', 'bacon']"
89,90,"['socar', 'kukka', 'trive', 'tving', 'coupang', 'moonday', 'watcha']"
90,91,"['socar', 'dailyshot', 'publy', 'bacon', 'moonday', 'youtube', 'closetshare']"
91,92,"['socar', 'tving', 'netflix', 'laftel', 'coupang', 'publy', 'moonday', 'melon', 'naver', 'tlxpass', 'wisely', 'closetshare']"
92,93,"['coupang', 'bacon', 'publy', 'milessbook', 'naver', 'tlxpass', 'closetshare']"
93,94,"['socar', 'trive', 'youtube', 'melon', 'tlxpass', 'wisely', 'closetshare', 'naver']"
94,95,"['trive', 'netflix', 'laftel', 'coupang', 'publy']"
95,96,"['coupang', 'milessbook', 'moonday', 'naver', 'tlxpass', 'closetshare']"
96,97,"['trive', 'netflix', 'publy', 'milessbook', 'wisely', 'tlxpass']"
97,98,"['socar', 'kukka', 'trive', 'tving', 'dailyshot', 'laftel', 'moonday', 'milessbook', 'closetshare', 'melon', 'wisely', 'tlxpass', 'bacon']"
98,99,"['kukka', 'netflix', 'trive', 'dailyshot', 'laftel', 'closetshare', 'melon', 'naver', 'tlxpass', 'wisely', 'bacon']"
99,100,"['socar', 'laftel', 'melon', 'naver', 'tlxpass']"
100,101,"['tlxpass', 'laftel']"
101,102,"['kukka', 'netflix', 'dailyshot', 'laftel', 'publy', 'moonday', 'milessbook', 'youtube', 'bacon']"
102,103,"['tving', 'dailyshot']"
103,104,"['tving', 'dailyshot', 'naver', 'tlxpass', 'wisely', 'closetshare']"
104,105,"['tving', 'publy', 'watcha', 'melon', 'tlxpass']"
105,106,"['socar', 'netflix', 'tving', 'trive', 'publy', 'youtube', 'watcha', 'bacon']"
106,107,"['tlxpass', 'melon']"
107,108,"['tving', 'laftel']"
108,109,"['milessbook', 'socar', 'watcha', 'publy']"
109,110,"['kukka', 'netflix', 'tving', 'dailyshot', 'coupang', 'laftel', 'bacon', 'youtube', 'watcha', 'melon', 'naver', 'closetshare']"
110,111,"['kukka', 'coupang', 'bacon', 'publy', 'youtube', 'wisely', 'closetshare', 'naver']"
111,112,"['trive', 'dailyshot', 'coupang', 'moonday', 'milessbook', 'melon', 'tlxpass']"
112,113,"['socar', 'kukka', 'trive', 'tving', 'watcha', 'melon', 'wisely', 'tlxpass']"
113,114,"['socar', 'kukka', 'tving', 'dailyshot', 'laftel', 'publy', 'moonday', 'milessbook', 'watcha', 'melon', 'wisely', 'tlxpass', 'closetshare']"
114,115,"['kukka', 'netflix', 'tving', 'laftel', 'coupang', 'melon', 'naver', 'closetshare']"
115,116,"['moonday', 'milessbook', 'socar', 'melon']"
116,117,"['socar', 'trive', 'tving', 'dailyshot', 'coupang', 'publy', 'laftel', 'netflix', 'melon', 'closetshare']"
117,118,"['tlxpass', 'trive', 'watcha', 'netflix']"
118,119,"['netflix', 'dailyshot', 'laftel', 'youtube', 'melon', 'tlxpass', 'naver']"
119,120,"['socar', 'trive', 'tving', 'dailyshot', 'coupang', 'publy', 'milessbook', 'youtube', 'watcha', 'melon', 'naver', 'wisely']"
120,121,"['trive', 'publy']"
121,122,"['socar', 'kukka', 'trive', 'coupang', 'watcha', 'wisely', 'bacon']"
122,123,"['naver', 'milessbook', 'netflix', 'bacon']"
123,124,"['socar', 'kukka', 'tving', 'netflix', 'coupang', 'laftel', 'milessbook', 'youtube', 'melon', 'wisely', 'tlxpass', 'closetshare', 'naver']"
124,125,"['socar', 'trive', 'laftel', 'wisely', 'bacon']"
125,126,"['kukka', 'netflix', 'moonday', 'melon', 'tlxpass', 'closetshare']"
126,127,"['tving', 'dailyshot', 'publy', 'youtube', 'melon', 'wisely', 'tlxpass', 'closetshare']"
127,128,"['socar', 'trive', 'publy', 'moonday', 'milessbook', 'watcha', 'melon', 'wisely', 'closetshare']"
128,129,"['kukka', 'dailyshot', 'milessbook', 'youtube', 'watcha', 'tlxpass']"
129,130,"['socar', 'kukka', 'publy', 'milessbook', 'melon']"
130,131,"['wisely', 'watcha', 'dailyshot']"
131,132,"['milessbook', 'moonday', 'youtube', 'bacon']"
132,133,"['trive', 'dailyshot', 'laftel', 'publy', 'youtube', 'watcha', 'wisely']"
133,134,"['naver', 'tving', 'bacon', 'publy']"
134,135,"['moonday', 'netflix', 'youtube']"
135,136,"['kukka', 'tving', 'trive', 'dailyshot', 'coupang', 'moonday', 'wisely', 'closetshare', 'naver']"
136,137,"['socar', 'netflix', 'coupang', 'watcha', 'melon', 'tlxpass']"
137,138,"['socar', 'netflix', 'laftel', 'coupang', 'publy', 'moonday', 'watcha', 'tlxpass']"
138,139,"['socar', 'trive', 'laftel', 'coupang', 'publy', 'youtube', 'tlxpass']"
139,140,"['socar', 'tving', 'laftel', 'milessbook', 'closetshare', 'melon', 'wisely', 'bacon']"
140,141,"['tlxpass', 'youtube', 'laftel']"
141,142,"['moonday', 'bacon']"
142,143,['laftel']
143,144,"['socar', 'kukka', 'tving', 'publy', 'bacon', 'coupang', 'milessbook', 'moonday', 'youtube', 'melon', 'closetshare']"
144,145,"['dailyshot', 'coupang', 'watcha', 'melon', 'tlxpass']"
145,146,"['trive', 'tving', 'dailyshot', 'publy', 'melon', 'bacon']"
146,147,"['trive', 'tving', 'dailyshot', 'publy', 'youtube', 'tlxpass', 'closetshare']"
147,148,"['kukka', 'watcha', 'melon']"
148,149,"['moonday', 'socar', 'publy']"
149,150,"['kukka', 'tving', 'dailyshot', 'milessbook', 'watcha', 'melon', 'closetshare', 'bacon']"
150,151,"['tving', 'publy', 'youtube', 'watcha', 'closetshare']"
151,152,"['dailyshot', 'publy', 'moonday', 'melon', 'closetshare']"
152,153,"['closetshare', 'coupang']"
153,154,"['moonday', 'coupang']"
154,155,"['kukka', 'trive', 'netflix', 'laftel', 'moonday', 'milessbook', 'youtube', 'wisely', 'bacon', 'naver']"
155,156,"['moonday', 'trive', 'coupang']"
156,157,"['kukka', 'trive', 'dailyshot', 'laftel', 'bacon', 'tlxpass', 'closetshare', 'naver']"
157,158,"['socar', 'trive', 'tving', 'dailyshot', 'publy', 'netflix', 'laftel', 'watcha']"
158,159,"['trive', 'youtube', 'watcha', 'dailyshot']"
159,160,"['moonday', 'trive']"
160,161,"['tlxpass', 'socar', 'tving', 'watcha']"
161,162,"['socar', 'trive', 'netflix', 'dailyshot', 'publy', 'youtube', 'melon', 'wisely', 'tlxpass', 'bacon', 'naver']"
162,163,"['tlxpass', 'moonday', 'netflix']"
163,164,"['kukka', 'dailyshot', 'netflix']"
164,165,"['socar', 'trive', 'coupang', 'melon']"
165,166,"['dailyshot', 'publy']"
166,167,"['milessbook', 'moonday', 'trive']"
167,168,"['kukka', 'coupang', 'moonday', 'naver', 'wisely', 'closetshare']"
168,169,"['socar', 'trive', 'netflix', 'publy', 'milessbook', 'moonday', 'watcha', 'naver', 'closetshare']"
169,170,"['naver', 'closetshare']"
170,171,"['socar', 'dailyshot']"
171,172,"['socar', 'kukka', 'trive', 'netflix', 'dailyshot', 'milessbook', 'youtube', 'naver', 'tlxpass', 'bacon']"
172,173,"['kukka', 'tving', 'dailyshot', 'publy', 'coupang', 'youtube', 'watcha', 'closetshare', 'melon', 'wisely', 'bacon']"
173,174,"['tving', 'netflix', 'moonday', 'youtube', 'melon', 'bacon']"
174,175,"['tlxpass', 'tving', 'dailyshot', 'publy']"
175,176,"['kukka', 'trive', 'dailyshot', 'moonday', 'milessbook', 'youtube', 'tlxpass']"
176,177,"['trive', 'netflix', 'tving', 'laftel', 'dailyshot', 'publy', 'milessbook', 'moonday', 'watcha', 'wisely', 'tlxpass', 'bacon']"
177,178,"['trive', 'tving', 'dailyshot', 'coupang']"
178,179,"['kukka', 'trive', 'coupang', 'milessbook', 'watcha', 'wisely']"
179,180,"['trive', 'tving', 'dailyshot', 'laftel', 'coupang', 'moonday', 'youtube', 'melon', 'wisely', 'closetshare']"
180,181,"['kukka', 'trive', 'dailyshot', 'milessbook', 'youtube', 'melon', 'closetshare']"
181,182,"['kukka', 'coupang', 'publy', 'youtube', 'watcha', 'closetshare']"
182,183,"['tving', 'netflix', 'dailyshot', 'coupang', 'trive', 'milessbook', 'watcha', 'closetshare', 'naver', 'tlxpass', 'bacon']"
183,184,"['kukka', 'tving', 'moonday', 'youtube', 'closetshare']"
184,185,"['kukka', 'trive', 'coupang', 'melon', 'wisely']"
185,186,"['moonday', 'milessbook', 'trive', 'watcha']"
186,187,"['trive', 'publy']"
187,188,"['socar', 'dailyshot', 'milessbook', 'watcha', 'melon', 'naver', 'tlxpass', 'wisely']"
188,189,"['kukka', 'netflix', 'coupang', 'milessbook', 'youtube', 'wisely']"
189,190,"['kukka', 'trive', 'publy', 'milessbook', 'moonday', 'wisely', 'tlxpass']"
190,191,"['socar', 'kukka', 'dailyshot', 'publy', 'laftel', 'coupang', 'tlxpass', 'bacon']"
191,192,"['trive', 'netflix', 'dailyshot', 'laftel', 'watcha', 'melon', 'closetshare']"
192,193,"['socar', 'kukka', 'netflix', 'moonday', 'youtube', 'watcha', 'wisely', 'closetshare', 'naver']"
193,194,"['kukka', 'laftel', 'publy', 'watcha', 'tlxpass', 'bacon']"
194,195,"['kukka', 'tving', 'youtube', 'melon', 'naver']"
195,196,"['socar', 'netflix', 'tving', 'laftel', 'coupang', 'milessbook', 'youtube', 'melon', 'bacon']"
196,197,"['milessbook', 'trive', 'closetshare']"
197,198,"['socar', 'netflix', 'dailyshot', 'coupang', 'melon', 'wisely']"
198,199,"['socar', 'trive', 'kukka', 'coupang']"
199,200,"['moonday', 'trive', 'kukka', 'publy']"
200,201,"['coupang', 'laftel', 'publy', 'moonday', 'youtube', 'watcha', 'melon', 'naver', 'bacon']"
201,202,"['kukka', 'netflix', 'trive', 'laftel', 'coupang', 'milessbook', 'youtube', 'closetshare', 'melon', 'tlxpass', 'bacon', 'naver']"
202,203,"['kukka', 'laftel', 'coupang', 'bacon', 'moonday', 'milessbook', 'melon', 'tlxpass', 'closetshare']"
203,204,"['tlxpass', 'bacon']"
204,205,"['kukka', 'tving', 'trive', 'coupang', 'laftel', 'milessbook', 'youtube', 'closetshare', 'naver', 'tlxpass', 'wisely', 'bacon']"
205,206,"['socar', 'tving', 'trive', 'laftel', 'wisely', 'closetshare']"
206,207,"['laftel', 'trive', 'coupang']"
207,208,['moonday']
208,209,"['trive', 'coupang']"
209,210,"['tlxpass', 'closetshare', 'kukka', 'bacon']"
210,211,"['socar', 'kukka', 'tving', 'netflix', 'laftel', 'publy', 'moonday', 'watcha', 'bacon']"
211,212,"['kukka', 'moonday', 'naver', 'wisely', 'closetshare']"
212,213,"['laftel', 'dailyshot', 'closetshare']"
213,214,"['trive', 'dailyshot', 'publy', 'moonday', 'milessbook', 'youtube', 'closetshare', 'melon', 'wisely', 'bacon', 'naver']"
214,215,"['socar', 'kukka', 'trive', 'laftel', 'milessbook', 'moonday', 'youtube', 'wisely', 'closetshare', 'naver']"
215,216,"['socar', 'kukka', 'trive', 'tving', 'dailyshot', 'coupang', 'laftel', 'moonday', 'youtube', 'tlxpass', 'closetshare']"
216,217,"['kukka', 'tving', 'dailyshot', 'laftel', 'publy', 'youtube', 'closetshare', 'wisely', 'tlxpass', 'bacon', 'naver']"
217,218,"['watcha', 'moonday', 'kukka', 'melon']"
218,219,"['netflix', 'tving', 'coupang', 'moonday', 'milessbook', 'melon', 'tlxpass', 'wisely', 'bacon', 'naver']"
219,220,"['socar', 'netflix', 'laftel', 'milessbook', 'moonday', 'tlxpass', 'closetshare', 'naver']"
220,221,"['trive', 'melon']"
221,222,"['coupang', 'milessbook', 'watcha', 'naver', 'wisely', 'bacon']"
222,223,"['socar', 'tving', 'milessbook', 'youtube', 'watcha', 'melon', 'wisely', 'tlxpass', 'bacon', 'naver']"
223,224,"['socar', 'trive', 'dailyshot', 'laftel', 'watcha', 'melon', 'wisely', 'closetshare']"
224,225,"['tlxpass', 'socar', 'tving', 'laftel']"
225,226,"['kukka', 'tving', 'trive', 'bacon', 'coupang', 'laftel', 'milessbook', 'moonday', 'watcha', 'melon', 'naver', 'wisely', 'closetshare']"
226,227,"['trive', 'publy', 'laftel', 'moonday', 'youtube', 'watcha', 'melon', 'naver']"
227,228,"['naver', 'moonday', 'watcha', 'coupang']"
228,229,"['socar', 'kukka', 'trive', 'laftel', 'coupang', 'watcha', 'tlxpass', 'bacon']"
229,230,"['trive', 'netflix', 'coupang', 'youtube', 'wisely', 'tlxpass', 'bacon', 'naver']"
230,231,"['socar', 'netflix', 'publy', 'moonday', 'youtube', 'melon', 'closetshare']"
231,232,"['wisely', 'moonday']"
232,233,"['socar', 'coupang', 'watcha', 'melon', 'tlxpass', 'bacon']"
233,234,"['socar', 'laftel', 'moonday', 'youtube', 'melon', 'naver', 'wisely', 'closetshare']"
234,235,"['kukka', 'trive', 'dailyshot', 'moonday', 'youtube', 'melon']"
235,236,"['socar', 'netflix', 'coupang', 'publy', 'watcha', 'melon']"
236,237,"['socar', 'kukka', 'trive', 'publy', 'laftel', 'milessbook', 'closetshare']"
237,238,"['socar', 'trive', 'dailyshot', 'coupang', 'laftel', 'melon', 'wisely']"
238,239,"['kukka', 'dailyshot', 'coupang', 'laftel', 'milessbook', 'youtube', 'melon']"
239,240,"['kukka', 'netflix', 'laftel', 'tlxpass', 'closetshare']"
240,241,"['watcha', 'netflix', 'dailyshot']"
241,242,"['socar', 'dailyshot']"
242,243,"['wisely', 'milessbook', 'socar', 'dailyshot']"
243,244,"['naver', 'kukka']"
244,245,"['netflix', 'laftel']"
245,246,"['kukka', 'trive', 'netflix', 'moonday', 'milessbook', 'watcha', 'tlxpass', 'naver']"
246,247,"['kukka', 'trive', 'tving', 'dailyshot', 'coupang', 'moonday', 'youtube', 'watcha', 'bacon']"
247,248,"['kukka', 'dailyshot', 'milessbook', 'youtube', 'closetshare', 'tlxpass', 'wisely', 'bacon', 'naver']"
248,249,"['socar', 'netflix', 'tving', 'trive', 'laftel', 'coupang', 'moonday', 'milessbook', 'youtube', 'watcha', 'melon', 'naver']"
249,250,"['socar', 'kukka', 'trive', 'netflix', 'dailyshot', 'laftel', 'publy', 'milessbook', 'youtube', 'watcha', 'melon', 'tlxpass', 'naver']"
250,251,"['socar', 'trive', 'tving', 'dailyshot', 'publy', 'laftel', 'tlxpass', 'closetshare', 'naver']"
251,252,"['socar', 'kukka', 'tving', 'coupang', 'laftel', 'publy', 'moonday', 'youtube', 'watcha', 'melon', 'bacon']"
252,253,"['netflix', 'laftel', 'publy', 'youtube', 'melon']"
253,254,"['kukka', 'tving', 'laftel', 'moonday', 'youtube', 'melon', 'naver', 'tlxpass']"
254,255,"['socar', 'kukka', 'tving', 'dailyshot', 'laftel', 'youtube', 'watcha', 'naver', 'tlxpass']"
255,256,"['publy', 'moonday', 'youtube', 'watcha', 'melon', 'tlxpass', 'wisely', 'naver']"
256,257,"['coupang', 'publy', 'milessbook', 'moonday', 'watcha', 'tlxpass']"
257,258,"['socar', 'netflix', 'moonday', 'closetshare', 'melon', 'naver', 'tlxpass', 'wisely', 'bacon']"
258,259,"['wisely', 'laftel']"
259,260,"['socar', 'kukka', 'netflix', 'dailyshot', 'coupang', 'milessbook', 'watcha', 'melon']"
260,261,"['tving', 'trive', 'dailyshot', 'publy', 'bacon', 'coupang', 'youtube', 'watcha', 'naver', 'tlxpass', 'closetshare']"
261,262,"['tving', 'publy', 'moonday', 'milessbook', 'youtube', 'closetshare', 'melon', 'tlxpass', 'bacon', 'naver']"
262,263,"['naver', 'milessbook', 'melon', 'laftel']"
263,264,"['socar', 'trive', 'tving', 'dailyshot', 'moonday', 'milessbook', 'youtube', 'watcha', 'melon', 'closetshare']"
264,265,"['wisely', 'trive', 'watcha', 'bacon']"
265,266,"['socar', 'tving', 'trive', 'publy', 'moonday', 'wisely', 'bacon']"
266,267,"['naver', 'dailyshot', 'melon']"
267,268,"['kukka', 'trive', 'tving', 'dailyshot', 'coupang', 'laftel', 'closetshare']"
268,269,"['wisely', 'socar', 'kukka', 'closetshare']"
269,270,"['naver', 'youtube']"
270,271,"['tving', 'milessbook', 'moonday', 'watcha', 'naver', 'bacon']"
271,272,"['kukka', 'tving', 'trive', 'coupang', 'publy', 'laftel', 'milessbook', 'youtube', 'melon', 'wisely']"
272,273,"['socar', 'kukka', 'trive', 'tving', 'dailyshot', 'melon', 'tlxpass']"
273,274,"['kukka', 'netflix', 'tving', 'laftel', 'coupang', 'wisely', 'closetshare', 'naver']"
274,275,"['socar', 'kukka', 'tving', 'dailyshot', 'youtube', 'watcha', 'naver', 'bacon']"
275,276,"['socar', 'watcha', 'coupang']"
276,277,"['kukka', 'trive', 'coupang', 'publy', 'milessbook', 'youtube', 'tlxpass', 'bacon']"
277,278,"['tving', 'dailyshot', 'publy', 'laftel', 'moonday', 'youtube', 'watcha', 'melon', 'wisely', 'tlxpass']"
278,279,"['netflix', 'trive', 'laftel', 'bacon', 'youtube', 'closetshare']"
279,280,"['tving', 'watcha', 'laftel']"
280,281,"['trive', 'netflix', 'coupang', 'laftel', 'publy', 'moonday', 'milessbook', 'tlxpass']"
281,282,"['tving', 'netflix', 'laftel', 'coupang', 'publy', 'milessbook', 'moonday', 'youtube', 'watcha', 'tlxpass', 'closetshare']"
282,283,"['socar', 'laftel', 'coupang', 'publy', 'youtube', 'watcha']"
283,284,"['naver', 'kukka', 'publy']"
284,285,"['socar', 'kukka', 'netflix', 'tving', 'dailyshot', 'moonday']"
285,286,"['milessbook', 'socar', 'laftel']"
286,287,"['tlxpass', 'dailyshot', 'melon']"
287,288,"['milessbook', 'youtube', 'melon']"
288,289,"['netflix', 'trive', 'publy', 'moonday', 'youtube', 'watcha', 'naver', 'bacon']"
289,290,"['tving', 'trive', 'dailyshot', 'netflix', 'youtube', 'closetshare', 'melon', 'tlxpass', 'bacon', 'naver']"
290,291,"['socar', 'trive', 'coupang', 'laftel', 'moonday', 'milessbook', 'melon', 'closetshare']"
291,292,"['tving', 'laftel', 'publy', 'coupang', 'moonday', 'milessbook', 'youtube', 'closetshare']"
292,293,"['watcha', 'youtube', 'kukka', 'socar']"
293,294,"['trive', 'tving', 'dailyshot', 'coupang', 'naver']"
294,295,"['socar', 'kukka', 'netflix', 'dailyshot', 'coupang', 'naver', 'wisely', 'bacon']"
295,296,"['socar', 'netflix', 'trive', 'laftel', 'publy', 'moonday', 'watcha', 'melon', 'naver', 'wisely', 'closetshare']"
296,297,"['publy', 'coupang', 'bacon', 'laftel', 'milessbook', 'melon', 'tlxpass', 'closetshare']"
297,298,"['milessbook', 'trive', 'publy']"
298,299,"['naver', 'watcha']"
299,300,"['tving', 'netflix', 'coupang', 'laftel', 'milessbook', 'wisely', 'bacon']"
300,301,"['kukka', 'netflix', 'trive', 'dailyshot', 'tving', 'publy', 'melon', 'naver', 'bacon']"
301,302,"['socar', 'kukka', 'netflix', 'tving', 'laftel', 'milessbook', 'youtube', 'watcha', 'closetshare']"
302,303,"['kukka', 'tving', 'netflix', 'laftel', 'coupang', 'moonday', 'milessbook', 'youtube', 'tlxpass', 'closetshare']"
303,304,"['socar', 'kukka', 'dailyshot', 'laftel', 'coupang', 'publy', 'moonday', 'milessbook', 'youtube', 'watcha', 'melon']"
304,305,"['netflix', 'coupang', 'bacon', 'melon', 'closetshare']"
305,306,"['netflix', 'trive', 'laftel', 'melon', 'tlxpass', 'bacon']"
306,307,"['kukka', 'tving', 'moonday', 'youtube', 'naver']"
307,308,"['kukka', 'netflix', 'dailyshot', 'publy', 'moonday', 'youtube', 'wisely', 'tlxpass', 'naver']"
308,309,"['kukka', 'trive', 'dailyshot', 'laftel', 'tlxpass']"
309,310,"['naver', 'milessbook', 'netflix']"
310,311,"['tlxpass', 'watcha', 'tving', 'kukka']"
311,312,"['kukka', 'publy', 'watcha', 'melon', 'closetshare']"
312,313,"['socar', 'trive', 'coupang', 'laftel', 'youtube', 'watcha', 'melon', 'wisely', 'bacon']"
313,314,"['kukka', 'trive', 'bacon', 'coupang', 'wisely', 'tlxpass', 'closetshare']"
314,315,"['moonday', 'dailyshot']"
315,316,"['moonday', 'laftel', 'bacon']"
316,317,"['socar', 'trive', 'tving', 'dailyshot', 'laftel', 'publy', 'netflix', 'coupang', 'moonday', 'watcha', 'naver']"
317,318,"['socar', 'dailyshot', 'youtube', 'watcha', 'wisely']"
318,319,"['tving', 'dailyshot', 'laftel', 'coupang', 'tlxpass', 'bacon']"
319,320,"['naver', 'netflix', 'youtube']"
320,321,"['kukka', 'trive', 'milessbook', 'watcha', 'melon', 'tlxpass']"
321,322,"['socar', 'coupang', 'publy', 'milessbook', 'watcha', 'wisely']"
322,323,"['closetshare', 'publy']"
323,324,"['kukka', 'tving', 'trive', 'laftel', 'publy', 'moonday', 'melon', 'tlxpass', 'closetshare']"
324,325,"['kukka', 'dailyshot', 'coupang', 'laftel', 'moonday', 'wisely', 'closetshare', 'naver']"
325,326,"['kukka', 'coupang', 'publy', 'moonday', 'youtube', 'wisely', 'closetshare', 'naver']"
326,327,"['milessbook', 'trive', 'kukka', 'coupang']"
327,328,"['netflix', 'dailyshot', 'coupang', 'bacon', 'laftel', 'moonday', 'tlxpass', 'wisely', 'closetshare', 'naver']"
328,329,"['socar', 'trive', 'tving', 'coupang', 'milessbook', 'moonday', 'youtube', 'melon', 'naver', 'bacon']"
329,330,"['youtube', 'dailyshot']"
330,331,"['socar', 'kukka', 'dailyshot', 'laftel', 'moonday', 'youtube', 'wisely']"
331,332,"['socar', 'netflix', 'melon', 'naver', 'tlxpass', 'bacon']"
332,333,"['socar', 'kukka', 'tving', 'dailyshot', 'publy', 'milessbook', 'moonday', 'watcha', 'melon', 'tlxpass', 'naver']"
333,334,"['trive', 'tving', 'dailyshot', 'publy', 'netflix', 'tlxpass', 'wisely', 'bacon', 'naver']"
334,335,"['socar', 'laftel', 'moonday', 'melon', 'naver']"
335,336,"['tving', 'netflix', 'dailyshot', 'laftel', 'coupang']"
336,337,"['tving', 'dailyshot', 'melon', 'bacon']"
337,338,"['tving', 'laftel', 'youtube', 'watcha', 'naver', 'closetshare']"
338,339,"['tlxpass', 'milessbook', 'tving', 'coupang']"
339,340,"['tlxpass', 'tving', 'youtube', 'laftel']"
340,341,"['kukka', 'netflix', 'coupang', 'moonday', 'youtube', 'melon', 'naver', 'closetshare']"
341,342,"['kukka', 'netflix', 'tving', 'laftel', 'milessbook', 'melon', 'naver', 'tlxpass', 'wisely', 'bacon']"
342,343,"['kukka', 'tving', 'netflix', 'dailyshot', 'publy', 'coupang', 'watcha', 'naver', 'bacon']"
343,344,"['socar', 'tving', 'bacon', 'laftel', 'coupang', 'wisely', 'tlxpass', 'closetshare']"
344,345,"['trive', 'tving', 'netflix', 'dailyshot', 'laftel', 'watcha', 'melon']"
345,346,"['wisely', 'coupang', 'closetshare']"
346,347,"['watcha', 'kukka', 'dailyshot', 'publy']"
347,348,"['socar', 'netflix', 'tving', 'dailyshot', 'laftel', 'moonday', 'youtube', 'melon', 'tlxpass']"
348,349,"['tving', 'closetshare', 'netflix']"
349,350,"['socar', 'kukka', 'dailyshot', 'coupang', 'moonday', 'milessbook', 'youtube', 'closetshare', 'naver', 'bacon']"
350,351,"['socar', 'dailyshot', 'moonday', 'watcha', 'melon']"
351,352,"['socar', 'trive', 'tving', 'dailyshot', 'youtube', 'watcha', 'tlxpass', 'closetshare']"
352,353,"['coupang', 'youtube', 'publy']"
353,354,"['socar', 'netflix', 'publy', 'milessbook', 'watcha']"
354,355,"['kukka', 'moonday', 'youtube', 'naver', 'tlxpass', 'wisely', 'bacon']"
355,356,"['netflix', 'laftel', 'publy', 'watcha', 'bacon']"
356,357,"['netflix', 'tving', 'coupang', 'tlxpass', 'closetshare']"
357,358,"['naver', 'moonday', 'watcha']"
358,359,"['socar', 'laftel', 'coupang', 'tlxpass', 'naver']"
359,360,"['socar', 'trive', 'tving', 'netflix', 'moonday', 'melon', 'naver', 'wisely']"
360,361,"['socar', 'netflix', 'dailyshot', 'bacon', 'moonday', 'watcha', 'melon', 'naver', 'closetshare']"
361,362,"['tving', 'netflix', 'dailyshot', 'laftel', 'tlxpass', 'wisely', 'bacon']"
362,363,"['dailyshot', 'milessbook', 'moonday', 'youtube', 'watcha', 'naver']"
363,364,"['socar', 'laftel', 'youtube', 'wisely', 'bacon']"
364,365,"['socar', 'kukka', 'trive', 'dailyshot', 'coupang', 'laftel', 'youtube', 'tlxpass', 'bacon', 'naver']"
365,366,"['netflix', 'trive', 'laftel', 'coupang', 'milessbook', 'watcha', 'naver', 'bacon']"
366,367,"['netflix', 'tving', 'laftel', 'coupang', 'watcha', 'tlxpass']"
367,368,"['tving', 'coupang', 'youtube', 'wisely', 'tlxpass']"
368,369,"['publy', 'milessbook', 'watcha', 'melon', 'bacon']"
369,370,"['wisely', 'socar', 'kukka', 'laftel']"
370,371,"['socar', 'trive', 'laftel', 'moonday', 'youtube', 'melon', 'closetshare']"
371,372,"['socar', 'trive', 'publy', 'bacon', 'milessbook', 'youtube', 'watcha', 'closetshare']"
372,373,"['milessbook', 'youtube', 'watcha', 'tlxpass', 'naver']"
373,374,"['wisely', 'socar', 'netflix', 'dailyshot']"
374,375,"['trive', 'dailyshot', 'coupang', 'moonday', 'milessbook', 'watcha', 'melon', 'tlxpass']"
375,376,"['tlxpass', 'netflix']"
376,377,"['socar', 'kukka', 'netflix', 'dailyshot', 'laftel', 'bacon', 'milessbook', 'watcha', 'melon', 'naver', 'closetshare']"
377,378,"['trive', 'netflix', 'dailyshot', 'coupang', 'publy', 'melon', 'naver', 'tlxpass']"
378,379,"['socar', 'kukka', 'trive', 'youtube', 'naver', 'tlxpass']"
379,380,"['kukka', 'tving', 'netflix', 'dailyshot', 'trive', 'bacon', 'moonday', 'milessbook', 'youtube', 'watcha', 'naver', 'closetshare']"
380,381,"['naver', 'closetshare']"
381,382,"['tving', 'dailyshot', 'laftel', 'publy', 'moonday']"
382,383,"['kukka', 'tving', 'dailyshot', 'laftel', 'publy', 'milessbook', 'tlxpass', 'bacon']"
383,384,"['naver', 'socar', 'trive', 'kukka']"
384,385,"['naver', 'youtube']"
385,386,"['trive', 'tving', 'coupang', 'laftel', 'milessbook', 'moonday', 'melon', 'naver', 'bacon']"
386,387,"['kukka', 'tving', 'dailyshot', 'publy', 'coupang', 'laftel', 'milessbook', 'moonday', 'youtube', 'melon', 'wisely', 'tlxpass', 'closetshare', 'naver']"
387,388,"['socar', 'trive', 'youtube']"
388,389,"['naver', 'trive', 'melon', 'coupang']"
389,390,"['dailyshot', 'coupang', 'melon', 'wisely', 'bacon']"
390,391,"['youtube', 'melon', 'bacon']"
391,392,"['wisely', 'laftel']"
392,393,"['publy', 'watcha', 'melon', 'wisely', 'tlxpass']"
393,394,"['trive', 'tving', 'dailyshot', 'milessbook', 'youtube', 'melon', 'naver', 'closetshare']"
394,395,"['tlxpass', 'socar', 'youtube', 'publy']"
395,396,"['trive', 'youtube', 'dailyshot']"
396,397,"['socar', 'trive']"
397,398,"['publy', 'milessbook', 'moonday', 'youtube', 'melon']"
398,399,"['trive', 'dailyshot', 'coupang', 'moonday', 'tlxpass', 'wisely']"
399,400,"['kukka', 'tving', 'netflix', 'laftel', 'milessbook', 'wisely', 'bacon']"
400,401,"['laftel', 'publy', 'watcha', 'melon', 'wisely']"
401,402,"['watcha', 'youtube', 'kukka']"
402,403,"['socar', 'netflix', 'coupang', 'publy', 'youtube', 'watcha', 'wisely', 'closetshare']"
403,404,"['laftel', 'moonday', 'youtube', 'watcha', 'naver']"
404,405,"['naver', 'milessbook', 'kukka', 'watcha']"
405,406,"['moonday', 'netflix']"
406,407,"['socar', 'kukka', 'trive', 'netflix', 'dailyshot', 'tving', 'publy', 'moonday', 'watcha', 'tlxpass', 'wisely', 'naver']"
407,408,"['milessbook', 'netflix']"
408,409,"['dailyshot', 'coupang', 'watcha', 'melon', 'closetshare']"
409,410,"['netflix', 'laftel', 'coupang', 'milessbook', 'youtube', 'closetshare', 'melon', 'wisely', 'bacon']"
410,411,"['milessbook', 'watcha']"
411,412,"['laftel', 'publy']"
412,413,"['socar', 'kukka', 'tving', 'dailyshot', 'watcha']"
413,414,"['kukka', 'netflix', 'tving', 'trive', 'bacon', 'coupang', 'youtube', 'melon', 'naver', 'wisely', 'closetshare']"
414,415,"['tving', 'trive', 'netflix', 'laftel', 'coupang', 'publy', 'milessbook', 'wisely', 'tlxpass']"
415,416,"['moonday', 'watcha', 'bacon']"
416,417,"['wisely', 'bacon']"
417,418,"['wisely', 'tlxpass']"
418,419,"['moonday', 'milessbook', 'dailyshot', 'bacon']"
419,420,"['netflix', 'watcha', 'kukka']"
420,421,"['socar', 'kukka', 'tving', 'netflix', 'milessbook', 'wisely', 'tlxpass', 'bacon']"
421,422,"['tving', 'dailyshot', 'publy', 'watcha', 'melon', 'tlxpass', 'naver']"
422,423,"['kukka', 'bacon', 'moonday', 'milessbook', 'closetshare']"
423,424,"['netflix', 'dailyshot', 'milessbook', 'moonday', 'youtube', 'watcha', 'closetshare']"
424,425,"['socar', 'bacon']"
425,426,"['trive', 'tving', 'bacon', 'laftel', 'milessbook', 'youtube', 'tlxpass', 'wisely', 'closetshare']"
426,427,"['socar', 'kukka', 'tving', 'dailyshot', 'laftel', 'coupang', 'publy', 'moonday', 'milessbook', 'youtube', 'closetshare', 'tlxpass', 'bacon', 'naver']"
427,428,"['tving', 'dailyshot', 'coupang', 'publy', 'watcha', 'naver']"
428,429,"['socar', 'kukka', 'netflix', 'milessbook', 'youtube', 'watcha', 'melon', 'wisely', 'tlxpass', 'bacon']"
429,430,"['kukka', 'coupang', 'publy', 'naver', 'tlxpass']"
430,431,"['netflix', 'tving', 'publy', 'milessbook', 'youtube', 'wisely']"
431,432,"['socar', 'trive', 'tving', 'dailyshot', 'laftel', 'watcha', 'melon', 'wisely', 'bacon']"
432,433,"['kukka', 'trive', 'tving', 'coupang', 'bacon', 'moonday', 'milessbook', 'youtube', 'closetshare']"
433,434,"['socar', 'kukka', 'trive', 'dailyshot', 'laftel', 'coupang', 'milessbook', 'moonday', 'wisely', 'naver']"
434,435,"['kukka', 'netflix', 'coupang', 'publy', 'youtube', 'watcha', 'melon', 'bacon']"
435,436,"['trive', 'netflix', 'laftel', 'milessbook', 'moonday', 'watcha', 'tlxpass']"
436,437,"['tlxpass', 'milessbook', 'moonday', 'closetshare']"
437,438,"['kukka', 'trive', 'tving', 'dailyshot', 'coupang', 'publy', 'milessbook', 'watcha', 'closetshare', 'bacon']"
438,439,"['netflix', 'youtube', 'kukka', 'publy']"
439,440,"['trive', 'tving', 'milessbook', 'moonday', 'melon', 'wisely']"
440,441,"['socar', 'trive', 'tving', 'laftel', 'coupang', 'moonday', 'milessbook', 'youtube', 'melon']"
441,442,"['kukka', 'moonday', 'closetshare', 'watcha', 'tlxpass', 'bacon', 'naver']"
442,443,"['moonday', 'netflix', 'closetshare']"
443,444,"['kukka', 'netflix', 'trive', 'tving', 'coupang', 'milessbook', 'moonday', 'youtube', 'watcha', 'melon', 'closetshare']"
444,445,"['moonday', 'youtube']"
445,446,"['naver', 'milessbook']"
446,447,"['kukka', 'netflix', 'trive', 'tving', 'publy', 'coupang', 'moonday', 'milessbook', 'closetshare', 'tlxpass', 'bacon', 'naver']"
447,448,"['wisely', 'trive', 'melon']"
448,449,"['socar', 'tving', 'dailyshot', 'laftel', 'coupang', 'publy', 'milessbook', 'youtube', 'melon', 'tlxpass', 'naver']"
449,450,"['netflix', 'coupang', 'publy', 'moonday', 'milessbook', 'melon', 'naver', 'closetshare']"
450,451,"['kukka', 'tving', 'dailyshot', 'coupang', 'publy', 'watcha', 'naver', 'tlxpass', 'wisely', 'bacon']"
451,452,"['kukka', 'trive', 'tving', 'coupang', 'bacon', 'youtube', 'tlxpass', 'wisely', 'closetshare']"
452,453,"['tving', 'laftel', 'melon', 'wisely', 'bacon']"
453,454,"['watcha', 'coupang', 'dailyshot']"
454,455,"['socar', 'coupang', 'melon', 'wisely', 'tlxpass', 'bacon']"
455,456,"['socar', 'tving', 'coupang', 'laftel', 'youtube', 'wisely', 'tlxpass', 'bacon', 'naver']"
456,457,"['naver', 'moonday']"
457,458,"['netflix', 'trive', 'dailyshot', 'coupang', 'milessbook', 'youtube', 'naver', 'closetshare']"
458,459,"['socar', 'watcha', 'coupang']"
459,460,"['moonday', 'youtube', 'kukka', 'dailyshot']"
460,461,"['kukka', 'dailyshot', 'coupang', 'publy', 'youtube', 'melon', 'bacon']"
461,462,"['milessbook', 'watcha']"
462,463,"['kukka', 'netflix', 'moonday', 'milessbook', 'youtube', 'melon', 'naver', 'tlxpass', 'wisely']"
463,464,"['kukka', 'netflix', 'tving', 'coupang', 'publy', 'moonday', 'youtube', 'tlxpass', 'wisely', 'closetshare', 'naver']"
464,465,"['wisely', 'moonday', 'youtube', 'socar']"
465,466,"['socar', 'publy', 'coupang', 'milessbook', 'youtube', 'closetshare', 'melon', 'tlxpass', 'bacon']"
466,467,"['trive', 'closetshare', 'dailyshot', 'bacon']"
467,468,"['kukka', 'trive', 'coupang', 'moonday', 'youtube', 'melon', 'bacon']"
468,469,"['socar', 'kukka', 'coupang', 'publy', 'laftel', 'watcha']"
469,470,"['socar', 'trive', 'dailyshot', 'laftel', 'milessbook', 'wisely']"
470,471,"['socar', 'laftel', 'coupang', 'bacon', 'moonday', 'melon', 'tlxpass', 'closetshare', 'naver']"
471,472,"['laftel', 'publy']"
472,473,"['trive', 'dailyshot']"
473,474,"['wisely', 'milessbook']"
474,475,"['socar', 'tving', 'trive', 'dailyshot', 'coupang', 'netflix', 'publy', 'milessbook', 'youtube', 'watcha', 'melon', 'naver']"
475,476,"['wisely', 'melon']"
476,477,"['socar', 'kukka', 'trive', 'netflix', 'dailyshot', 'moonday', 'youtube', 'wisely', 'bacon']"
477,478,"['moonday', 'milessbook', 'melon', 'naver', 'wisely']"
478,479,"['netflix', 'tving', 'publy', 'laftel', 'youtube', 'watcha', 'melon', 'naver', 'tlxpass', 'wisely', 'closetshare']"
479,480,"['wisely', 'netflix']"
480,481,"['socar', 'tving', 'trive', 'coupang', 'watcha', 'naver', 'bacon']"
481,482,"['kukka', 'trive', 'dailyshot', 'coupang', 'publy', 'milessbook', 'moonday', 'youtube', 'melon', 'wisely', 'closetshare', 'naver']"
482,483,"['kukka', 'tving', 'trive', 'dailyshot', 'laftel', 'publy', 'milessbook', 'moonday', 'wisely']"
483,484,"['kukka', 'trive', 'tving', 'dailyshot', 'coupang', 'laftel', 'publy', 'netflix', 'milessbook', 'moonday', 'melon', 'wisely', 'closetshare']"
484,485,"['kukka', 'trive', 'laftel', 'publy', 'youtube', 'tlxpass', 'naver']"
485,486,"['kukka', 'dailyshot', 'laftel', 'coupang', 'publy', 'milessbook', 'watcha', 'bacon']"
486,487,"['kukka', 'tving', 'netflix', 'laftel', 'publy', 'bacon', 'coupang', 'melon', 'tlxpass', 'closetshare']"
487,488,"['wisely', 'trive', 'youtube', 'closetshare']"
488,489,"['socar', 'kukka', 'trive', 'netflix', 'dailyshot', 'tving', 'milessbook', 'moonday', 'closetshare', 'tlxpass', 'bacon', 'naver']"
489,490,"['socar', 'kukka', 'trive', 'netflix', 'tving', 'laftel', 'moonday', 'milessbook', 'youtube', 'watcha', 'melon', 'tlxpass', 'closetshare', 'naver']"
490,491,"['socar', 'kukka', 'tving', 'dailyshot', 'coupang', 'laftel', 'bacon', 'publy', 'milessbook', 'naver', 'tlxpass', 'closetshare']"
491,492,"['tving', 'netflix', 'dailyshot', 'publy', 'moonday', 'watcha', 'tlxpass', 'closetshare']"
492,493,"['kukka', 'melon']"
493,494,"['laftel', 'bacon', 'melon', 'wisely', 'tlxpass', 'closetshare']"
494,495,"['socar', 'kukka', 'netflix', 'tving', 'dailyshot', 'coupang', 'milessbook', 'moonday', 'melon', 'naver', 'tlxpass']"
495,496,"['netflix', 'coupang', 'publy', 'bacon', 'milessbook', 'moonday', 'wisely', 'closetshare']"
496,497,"['socar', 'trive', 'laftel', 'publy', 'milessbook', 'moonday', 'youtube', 'watcha', 'melon', 'wisely', 'tlxpass']"
497,498,"['melon', 'publy']"
498,499,"['laftel', 'watcha', 'publy']"
499,500,"['socar', 'kukka', 'tving', 'dailyshot', 'publy', 'laftel', 'wisely']"
500,501,"['netflix', 'trive', 'dailyshot', 'laftel', 'naver']"
501,502,"['socar', 'milessbook', 'youtube', 'watcha', 'wisely', 'closetshare', 'naver']"
502,503,"['publy', 'milessbook', 'moonday', 'youtube', 'wisely', 'bacon']"
503,504,"['socar', 'tving', 'trive', 'dailyshot', 'netflix', 'moonday', 'watcha', 'melon', 'naver', 'bacon']"
504,505,"['kukka', 'trive', 'publy', 'moonday', 'melon', 'tlxpass', 'bacon', 'naver']"
505,506,"['laftel', 'publy']"
506,507,"['netflix', 'laftel', 'milessbook', 'wisely', 'tlxpass']"
507,508,"['socar', 'bacon', 'milessbook', 'watcha', 'tlxpass', 'closetshare']"
508,509,"['socar', 'trive', 'bacon', 'youtube', 'melon', 'wisely', 'closetshare']"
509,510,"['moonday', 'watcha']"
510,511,"['socar', 'trive', 'netflix', 'dailyshot', 'moonday', 'watcha']"
511,512,"['netflix', 'youtube', 'melon']"
512,513,"['watcha', 'netflix', 'coupang', 'closetshare']"
513,514,"['kukka', 'netflix', 'coupang', 'publy', 'milessbook', 'wisely', 'tlxpass']"
514,515,"['kukka', 'trive', 'netflix', 'dailyshot', 'publy', 'coupang', 'bacon', 'youtube', 'watcha', 'melon', 'wisely', 'tlxpass', 'closetshare', 'naver']"
515,516,"['socar', 'kukka', 'netflix', 'dailyshot', 'laftel', 'milessbook', 'melon', 'tlxpass', 'closetshare']"
516,517,"['wisely', 'youtube', 'watcha', 'coupang']"
517,518,"['socar', 'laftel']"
518,519,"['kukka', 'tving', 'netflix', 'trive', 'laftel', 'publy', 'melon', 'wisely', 'naver']"
519,520,"['socar', 'trive', 'netflix', 'dailyshot', 'moonday', 'milessbook', 'melon', 'wisely', 'tlxpass', 'closetshare']"
520,521,"['dailyshot', 'publy', 'youtube', 'watcha', 'melon', 'tlxpass']"
521,522,"['netflix', 'dailyshot', 'publy', 'bacon', 'milessbook', 'watcha', 'melon', 'tlxpass', 'closetshare']"
522,523,"['socar', 'tving', 'trive', 'dailyshot', 'laftel', 'publy', 'milessbook', 'moonday', 'melon', 'tlxpass', 'wisely']"
523,524,"['moonday', 'socar', 'trive', 'melon']"
524,525,"['bacon', 'youtube', 'watcha', 'naver', 'closetshare']"
525,526,"['kukka', 'dailyshot', 'laftel', 'moonday', 'youtube', 'tlxpass']"
526,527,"['socar', 'coupang']"
527,528,"['wisely', 'trive']"
528,529,"['kukka', 'tving', 'trive', 'dailyshot', 'moonday', 'watcha', 'wisely', 'tlxpass']"
529,530,"['socar', 'trive', 'netflix', 'coupang', 'publy', 'moonday', 'milessbook', 'youtube', 'melon', 'wisely', 'tlxpass', 'bacon']"
530,531,"['tving', 'youtube']"
531,532,"['dailyshot', 'coupang']"
532,533,"['socar', 'tving', 'dailyshot', 'moonday', 'closetshare', 'naver', 'bacon']"
533,534,"['trive', 'tving', 'publy', 'milessbook', 'wisely', 'bacon', 'naver']"
534,535,"['tving', 'netflix']"
535,536,"['tlxpass', 'dailyshot', 'publy']"
536,537,"['dailyshot', 'moonday', 'watcha', 'tlxpass', 'naver']"
537,538,"['socar', 'trive', 'tving', 'coupang', 'moonday', 'milessbook', 'watcha', 'wisely']"
538,539,"['socar', 'closetshare', 'bacon']"
539,540,"['socar', 'kukka', 'tving', 'dailyshot', 'publy', 'bacon', 'laftel', 'coupang', 'moonday', 'melon', 'wisely', 'closetshare', 'naver']"
540,541,"['kukka', 'netflix', 'tving', 'laftel', 'coupang', 'melon']"
541,542,"['socar', 'netflix', 'trive', 'dailyshot', 'coupang', 'bacon', 'laftel', 'milessbook', 'melon', 'naver', 'closetshare']"
542,543,"['wisely', 'milessbook', 'melon']"
543,544,"['socar', 'kukka', 'moonday', 'melon', 'naver']"
544,545,"['socar', 'netflix', 'dailyshot', 'laftel', 'closetshare']"
545,546,"['trive', 'laftel', 'publy', 'moonday', 'melon', 'tlxpass']"
546,547,"['socar', 'tving', 'dailyshot', 'coupang', 'laftel', 'publy', 'moonday', 'watcha']"
547,548,"['tlxpass', 'moonday', 'kukka']"
548,549,"['wisely', 'closetshare']"
549,550,"['kukka', 'tving', 'netflix', 'laftel', 'moonday', 'youtube', 'melon', 'wisely', 'tlxpass', 'naver']"
550,551,"['netflix', 'publy', 'melon', 'tlxpass', 'bacon']"
551,552,"['netflix', 'tving', 'dailyshot', 'milessbook', 'melon', 'naver']"
552,553,"['tving', 'publy', 'coupang', 'watcha', 'tlxpass', 'wisely', 'bacon']"
553,554,"['tlxpass', 'milessbook', 'socar', 'tving']"
554,555,"['trive', 'publy', 'milessbook', 'youtube', 'watcha', 'melon', 'tlxpass', 'closetshare']"
555,556,"['milessbook', 'youtube', 'dailyshot', 'publy']"
556,557,"['kukka', 'bacon']"
557,558,"['socar', 'kukka', 'netflix', 'dailyshot', 'publy', 'laftel', 'coupang', 'youtube', 'melon', 'wisely', 'bacon']"
558,559,"['moonday', 'dailyshot']"
559,560,"['kukka', 'trive', 'netflix', 'bacon', 'milessbook', 'youtube', 'wisely', 'closetshare', 'naver']"
560,561,"['socar', 'netflix', 'trive', 'dailyshot', 'bacon', 'milessbook', 'watcha', 'melon', 'naver', 'tlxpass', 'wisely', 'closetshare']"
561,562,"['socar', 'trive', 'milessbook', 'youtube', 'tlxpass', 'naver']"
562,563,"['netflix', 'dailyshot', 'publy', 'laftel', 'coupang', 'moonday', 'milessbook', 'youtube', 'watcha', 'melon', 'naver', 'bacon']"
563,564,"['netflix', 'dailyshot', 'publy', 'milessbook', 'youtube', 'melon', 'wisely', 'closetshare', 'naver']"
564,565,"['socar', 'kukka', 'netflix', 'coupang', 'milessbook', 'watcha', 'tlxpass', 'closetshare', 'naver']"
565,566,"['moonday', 'coupang', 'bacon']"
566,567,"['netflix', 'dailyshot', 'laftel', 'coupang', 'moonday', 'youtube', 'naver', 'tlxpass', 'closetshare']"
567,568,"['socar', 'netflix', 'laftel', 'publy', 'coupang', 'milessbook', 'wisely', 'tlxpass', 'bacon']"
568,569,"['tlxpass', 'kukka', 'closetshare', 'melon']"
569,570,"['closetshare', 'watcha', 'melon', 'dailyshot']"
570,571,"['tving', 'publy', 'youtube', 'naver', 'bacon']"
571,572,"['socar', 'tving', 'netflix', 'milessbook', 'bacon']"
572,573,"['netflix', 'dailyshot', 'coupang', 'publy', 'laftel', 'moonday', 'youtube', 'naver', 'wisely', 'closetshare']"
573,574,"['tlxpass', 'trive', 'coupang', 'publy']"
574,575,"['socar', 'kukka', 'tving', 'laftel', 'coupang', 'melon', 'naver', 'tlxpass', 'closetshare']"
575,576,"['tving', 'netflix', 'dailyshot', 'coupang', 'trive', 'moonday', 'melon']"
576,577,"['wisely', 'milessbook', 'dailyshot']"
577,578,"['wisely', 'trive', 'laftel']"
578,579,"['naver', 'kukka', 'publy']"
579,580,"['youtube', 'dailyshot', 'closetshare', 'publy']"
580,581,"['laftel', 'milessbook', 'tving', 'melon']"
581,582,"['watcha', 'bacon']"
582,583,"['trive', 'publy', 'netflix']"
583,584,"['tving', 'netflix', 'publy', 'milessbook', 'watcha', 'wisely']"
584,585,"['netflix', 'trive', 'laftel', 'publy', 'youtube', 'naver', 'tlxpass', 'wisely', 'closetshare']"
585,586,"['tving', 'netflix', 'dailyshot', 'youtube', 'watcha', 'wisely', 'naver']"
586,587,"['socar', 'kukka', 'publy', 'coupang', 'moonday', 'watcha', 'tlxpass']"
587,588,"['kukka', 'tving', 'bacon', 'moonday', 'youtube', 'wisely', 'closetshare', 'naver']"
588,589,"['tving', 'moonday', 'youtube', 'watcha', 'melon', 'closetshare']"
589,590,"['kukka', 'netflix', 'tving', 'dailyshot', 'publy', 'trive', 'moonday', 'youtube', 'melon', 'tlxpass']"
590,591,"['socar', 'coupang', 'watcha', 'publy']"
591,592,"['trive', 'coupang', 'closetshare', 'bacon']"
592,593,"['tlxpass', 'milessbook', 'socar', 'netflix']"
593,594,"['laftel', 'moonday', 'youtube', 'watcha', 'tlxpass', 'naver']"
594,595,"['naver', 'bacon']"
595,596,"['naver', 'watcha', 'melon']"
596,597,"['kukka', 'netflix', 'dailyshot', 'publy', 'bacon', 'naver', 'tlxpass', 'closetshare']"
597,598,"['kukka', 'tving', 'netflix', 'dailyshot', 'laftel', 'milessbook', 'moonday', 'youtube', 'melon', 'tlxpass', 'wisely', 'naver']"
598,599,"['netflix', 'tving', 'laftel', 'coupang', 'publy']"
599,600,"['wisely', 'socar', 'laftel']"
600,601,"['socar', 'tving', 'trive', 'dailyshot', 'moonday', 'milessbook', 'watcha', 'wisely', 'closetshare']"
601,602,"['socar', 'tving', 'laftel', 'publy', 'youtube', 'tlxpass']"
602,603,"['kukka', 'trive', 'netflix', 'coupang', 'naver', 'wisely']"
603,604,"['socar', 'kukka', 'trive', 'laftel', 'publy', 'closetshare']"
604,605,"['socar', 'tving']"
605,606,"['kukka', 'trive', 'netflix', 'dailyshot', 'coupang', 'publy', 'laftel', 'moonday', 'youtube', 'watcha', 'melon', 'tlxpass', 'bacon']"
606,607,"['netflix', 'tving', 'laftel', 'publy', 'youtube', 'wisely', 'closetshare', 'naver']"
607,608,"['tving', 'dailyshot', 'coupang', 'publy', 'moonday', 'youtube', 'wisely']"
608,609,"['milessbook', 'tving']"
609,610,"['naver', 'netflix', 'kukka', 'dailyshot']"
610,611,"['tving', 'dailyshot', 'melon', 'tlxpass', 'bacon', 'naver']"
611,612,"['trive', 'netflix', 'dailyshot', 'coupang', 'tving', 'naver', 'closetshare']"
612,613,"['dailyshot', 'coupang', 'bacon', 'moonday', 'closetshare']"
613,614,"['moonday', 'youtube', 'kukka']"
614,615,"['socar', 'kukka', 'tving', 'bacon', 'laftel', 'milessbook', 'tlxpass', 'closetshare']"
615,616,"['tving', 'bacon', 'milessbook', 'watcha', 'wisely', 'closetshare', 'naver']"
616,617,"['socar', 'kukka', 'tving', 'netflix', 'trive', 'milessbook', 'watcha', 'melon', 'tlxpass', 'closetshare']"
617,618,"['tlxpass', 'milessbook', 'tving']"
618,619,"['trive', 'laftel', 'coupang', 'youtube', 'wisely', 'closetshare', 'naver']"
619,620,"['dailyshot', 'bacon']"
620,621,"['wisely', 'tving', 'closetshare', 'bacon']"
621,622,"['tlxpass', 'tving', 'wisely', 'naver']"
622,623,"['naver', 'moonday', 'youtube', 'bacon']"
623,624,"['socar', 'trive', 'tving', 'netflix', 'youtube', 'melon', 'wisely']"
624,625,"['socar', 'tving', 'dailyshot', 'moonday', 'youtube', 'tlxpass', 'closetshare']"
625,626,"['socar', 'kukka', 'trive', 'moonday', 'milessbook', 'closetshare']"
626,627,"['kukka', 'tving', 'trive', 'dailyshot', 'netflix', 'moonday', 'milessbook', 'watcha', 'tlxpass', 'naver']"
627,628,"['kukka', 'trive', 'coupang', 'watcha', 'melon']"
628,629,"['socar', 'publy', 'youtube', 'watcha', 'closetshare']"
629,630,"['trive', 'bacon', 'publy', 'moonday', 'youtube', 'tlxpass', 'closetshare']"
630,631,"['socar', 'trive', 'tving', 'laftel', 'publy', 'bacon', 'moonday', 'melon', 'wisely', 'closetshare']"
631,632,"['tving', 'laftel', 'publy', 'milessbook', 'tlxpass', 'wisely']"
632,633,"['trive', 'dailyshot', 'laftel', 'watcha', 'tlxpass', 'wisely', 'closetshare']"
633,634,"['tving', 'laftel', 'moonday', 'watcha', 'melon', 'tlxpass']"
634,635,"['kukka', 'coupang', 'bacon', 'laftel', 'publy', 'watcha', 'tlxpass', 'wisely', 'closetshare']"
635,636,"['socar', 'dailyshot', 'moonday', 'watcha', 'tlxpass']"
636,637,"['laftel', 'moonday', 'milessbook', 'youtube', 'watcha', 'melon', 'naver', 'wisely', 'bacon']"
637,638,"['socar', 'netflix', 'trive', 'bacon', 'youtube', 'naver', 'closetshare']"
638,639,"['kukka', 'trive', 'laftel', 'wisely', 'bacon', 'naver']"
639,640,"['coupang', 'moonday', 'milessbook', 'watcha', 'naver', 'tlxpass', 'wisely']"
640,641,"['laftel', 'coupang', 'publy']"
641,642,"['kukka', 'coupang', 'dailyshot']"
642,643,"['socar', 'laftel', 'bacon']"
643,644,"['tving', 'milessbook', 'moonday', 'melon', 'naver', 'wisely']"
644,645,"['trive', 'bacon', 'milessbook', 'naver', 'closetshare']"
645,646,"['netflix', 'watcha', 'melon']"
646,647,"['tving', 'laftel', 'coupang', 'moonday', 'tlxpass', 'wisely']"
647,648,"['socar', 'kukka', 'trive', 'tving', 'coupang', 'laftel', 'milessbook', 'youtube', 'wisely', 'closetshare']"
648,649,"['socar', 'kukka', 'netflix', 'tving', 'dailyshot', 'publy', 'laftel', 'youtube', 'closetshare', 'melon', 'watcha', 'naver', 'wisely', 'bacon']"
649,650,['milessbook']
650,651,"['kukka', 'trive', 'dailyshot', 'publy', 'milessbook']"
651,652,"['closetshare', 'watcha', 'melon']"
652,653,"['kukka', 'publy', 'moonday', 'milessbook', 'youtube', 'watcha', 'naver', 'tlxpass', 'closetshare']"
653,654,"['tlxpass', 'trive', 'coupang', 'naver']"
654,655,"['socar', 'trive', 'tving', 'netflix', 'publy', 'coupang', 'moonday', 'milessbook', 'watcha']"
655,656,"['wisely', 'moonday', 'coupang', 'publy']"
656,657,"['socar', 'kukka', 'dailyshot', 'laftel', 'publy', 'coupang', 'moonday', 'youtube', 'watcha', 'melon', 'naver', 'tlxpass']"
657,658,"['socar', 'trive', 'tving', 'dailyshot', 'coupang', 'tlxpass', 'bacon']"
658,659,"['socar', 'trive', 'netflix', 'youtube', 'watcha', 'melon']"
659,660,"['socar', 'kukka', 'trive', 'laftel', 'publy', 'coupang', 'melon', 'wisely', 'tlxpass']"
660,661,"['socar', 'kukka', 'trive', 'publy', 'coupang', 'moonday', 'melon', 'wisely', 'bacon', 'naver']"
661,662,"['tving', 'dailyshot']"
662,663,"['socar', 'kukka', 'trive', 'dailyshot', 'publy', 'moonday', 'watcha', 'wisely', 'tlxpass', 'naver']"
663,664,"['kukka', 'tving', 'dailyshot', 'laftel', 'moonday', 'closetshare', 'naver', 'wisely', 'bacon']"
664,665,"['naver', 'milessbook', 'dailyshot', 'publy']"
665,666,"['socar', 'kukka', 'trive', 'youtube', 'watcha', 'tlxpass']"
666,667,"['kukka', 'netflix', 'coupang', 'youtube', 'closetshare']"
667,668,"['dailyshot', 'coupang', 'moonday', 'closetshare', 'wisely', 'bacon']"
668,669,"['trive', 'dailyshot', 'coupang']"
669,670,"['youtube', 'melon']"
670,671,"['naver', 'netflix']"
671,672,"['laftel', 'watcha', 'kukka', 'publy']"
672,673,"['kukka', 'netflix', 'trive', 'coupang', 'laftel', 'moonday', 'melon', 'tlxpass']"
673,674,"['socar', 'trive', 'coupang', 'moonday', 'watcha', 'wisely', 'tlxpass', 'bacon']"
674,675,"['netflix', 'trive', 'milessbook', 'melon', 'wisely', 'closetshare']"
675,676,"['socar', 'melon']"
676,677,"['trive', 'tving', 'dailyshot', 'coupang', 'netflix', 'publy', 'moonday', 'melon']"
677,678,"['socar', 'trive', 'tving', 'dailyshot', 'laftel', 'publy', 'milessbook', 'youtube', 'naver', 'tlxpass', 'wisely', 'bacon']"
678,679,"['tving', 'netflix', 'dailyshot', 'publy', 'moonday', 'tlxpass', 'closetshare']"
679,680,"['netflix', 'dailyshot', 'laftel', 'moonday', 'youtube', 'wisely', 'bacon']"
680,681,"['coupang', 'watcha', 'bacon']"
681,682,"['watcha', 'netflix', 'dailyshot']"
682,683,"['dailyshot', 'publy', 'milessbook', 'moonday', 'melon', 'wisely']"
683,684,"['tving', 'publy', 'coupang', 'wisely', 'naver']"
684,685,"['kukka', 'trive', 'laftel', 'coupang', 'moonday', 'milessbook', 'youtube', 'tlxpass', 'wisely', 'bacon']"
685,686,"['socar', 'kukka', 'tving', 'trive', 'netflix', 'publy', 'moonday', 'youtube', 'melon', 'tlxpass', 'wisely', 'closetshare']"
686,687,"['milessbook', 'closetshare']"
687,688,"['socar', 'tving', 'trive', 'dailyshot', 'bacon', 'laftel', 'tlxpass', 'wisely', 'closetshare']"
688,689,"['tving', 'publy', 'coupang', 'moonday', 'youtube', 'melon', 'naver', 'bacon']"
689,690,"['trive', 'dailyshot', 'publy', 'milessbook', 'closetshare']"
690,691,"['socar', 'milessbook', 'moonday', 'wisely', 'bacon', 'naver']"
691,692,"['socar', 'kukka', 'tving', 'dailyshot', 'moonday', 'naver', 'wisely']"
692,693,"['trive', 'dailyshot', 'coupang', 'publy', 'moonday', 'youtube', 'melon', 'tlxpass', 'closetshare', 'naver']"
693,694,"['tving', 'youtube', 'closetshare', 'netflix']"
694,695,"['netflix', 'tving', 'laftel', 'moonday', 'watcha', 'naver', 'tlxpass', 'wisely', 'closetshare']"
695,696,"['netflix', 'tving', 'dailyshot', 'laftel', 'wisely']"
696,697,"['netflix', 'tving', 'trive', 'coupang', 'publy', 'laftel', 'dailyshot', 'milessbook', 'naver', 'bacon']"
697,698,"['socar', 'dailyshot', 'coupang', 'milessbook', 'watcha', 'wisely']"
698,699,"['trive', 'laftel', 'watcha', 'melon', 'naver', 'bacon']"
699,700,"['naver', 'moonday', 'melon', 'coupang']"
700,701,"['socar', 'tving', 'trive', 'coupang', 'moonday', 'milessbook', 'youtube', 'melon', 'tlxpass', 'wisely', 'bacon', 'naver']"
701,702,"['trive', 'publy', 'coupang', 'milessbook', 'moonday', 'watcha', 'melon', 'tlxpass', 'wisely', 'naver']"
702,703,"['netflix', 'coupang', 'laftel', 'publy', 'milessbook', 'melon', 'tlxpass', 'bacon']"
703,704,"['dailyshot', 'coupang', 'publy', 'youtube', 'watcha', 'naver', 'bacon']"
704,705,"['coupang', 'youtube', 'publy']"
705,706,"['moonday', 'bacon']"
706,707,"['milessbook', 'dailyshot', 'melon']"
707,708,"['milessbook', 'moonday', 'youtube', 'watcha', 'melon', 'naver']"
708,709,"['trive', 'tving', 'dailyshot', 'publy', 'milessbook', 'tlxpass', 'closetshare']"
709,710,"['naver', 'moonday', 'dailyshot', 'closetshare']"
710,711,"['naver', 'milessbook', 'kukka']"
711,712,"['kukka', 'netflix', 'dailyshot', 'coupang', 'milessbook', 'naver']"
712,713,"['tlxpass', 'tving', 'coupang', 'naver']"
713,714,"['kukka', 'trive', 'publy', 'youtube', 'watcha', 'wisely']"
714,715,"['kukka', 'trive', 'tving', 'laftel', 'publy', 'coupang', 'milessbook', 'closetshare']"
715,716,"['wisely', 'laftel', 'kukka', 'bacon']"
716,717,"['netflix', 'milessbook', 'watcha', 'melon', 'tlxpass', 'wisely', 'bacon', 'naver']"
717,718,"['publy', 'kukka', 'closetshare', 'dailyshot']"
718,719,"['trive', 'socar', 'kukka', 'dailyshot']"
719,720,"['dailyshot', 'closetshare', 'publy']"
720,721,"['laftel', 'bacon', 'wisely', 'tlxpass', 'closetshare']"
721,722,"['naver', 'trive', 'kukka', 'publy']"
722,723,"['socar', 'kukka', 'trive', 'tving', 'dailyshot', 'moonday', 'milessbook', 'watcha', 'melon', 'wisely']"
723,724,"['kukka', 'trive', 'coupang', 'laftel', 'youtube', 'tlxpass']"
724,725,"['trive', 'tving', 'netflix', 'publy', 'coupang', 'moonday', 'melon']"
725,726,"['trive', 'dailyshot', 'milessbook', 'moonday', 'watcha', 'tlxpass']"
726,727,"['socar', 'kukka', 'trive', 'tving', 'publy', 'bacon']"
727,728,"['socar', 'watcha']"
728,729,"['netflix', 'tving', 'coupang', 'naver', 'wisely']"
729,730,"['wisely', 'kukka', 'watcha']"
730,731,"['coupang', 'laftel', 'moonday', 'milessbook', 'youtube', 'melon', 'tlxpass', 'bacon']"
731,732,"['kukka', 'tving', 'trive', 'laftel', 'coupang', 'bacon', 'youtube', 'naver', 'closetshare']"
732,733,"['kukka', 'dailyshot', 'milessbook', 'naver', 'closetshare']"
733,734,"['kukka', 'netflix', 'tving', 'milessbook', 'youtube', 'watcha', 'naver', 'tlxpass', 'bacon']"
734,735,"['tving', 'dailyshot', 'coupang', 'laftel', 'watcha', 'naver', 'wisely']"
735,736,"['netflix', 'tving', 'moonday', 'wisely', 'tlxpass', 'naver']"
736,737,"['netflix', 'tving', 'dailyshot', 'bacon', 'publy', 'melon', 'naver', 'tlxpass', 'closetshare']"
737,738,"['moonday', 'kukka', 'closetshare', 'publy']"
738,739,"['dailyshot', 'bacon', 'coupang', 'laftel', 'milessbook', 'moonday', 'watcha', 'melon', 'wisely', 'closetshare', 'naver']"
739,740,"['youtube', 'kukka', 'laftel']"
740,741,"['milessbook', 'youtube', 'kukka']"
741,742,"['socar', 'trive', 'netflix', 'publy', 'youtube']"
742,743,"['tving', 'coupang', 'youtube', 'tlxpass', 'bacon']"
743,744,"['kukka', 'coupang', 'laftel', 'milessbook', 'youtube', 'melon', 'closetshare']"
744,745,"['kukka', 'tving', 'publy', 'coupang', 'watcha', 'tlxpass', 'naver']"
745,746,"['kukka', 'netflix', 'tving', 'publy', 'milessbook', 'youtube', 'watcha', 'melon', 'wisely', 'tlxpass', 'closetshare']"
746,747,"['kukka', 'netflix', 'dailyshot', 'laftel', 'moonday', 'wisely', 'bacon']"
747,748,"['tving', 'trive', 'dailyshot', 'coupang', 'youtube', 'tlxpass']"
748,749,"['naver', 'laftel', 'tving', 'publy']"
749,750,"['wisely', 'watcha']"
750,751,"['socar', 'kukka', 'tving', 'trive', 'dailyshot', 'netflix', 'melon', 'naver', 'wisely', 'closetshare']"
751,752,"['kukka', 'tving', 'publy', 'moonday', 'melon', 'tlxpass']"
752,753,"['tving', 'netflix', 'trive', 'coupang', 'milessbook', 'youtube', 'watcha']"
753,754,"['socar', 'kukka', 'tving', 'laftel', 'coupang', 'moonday', 'milessbook', 'youtube', 'watcha', 'wisely', 'closetshare', 'naver']"
754,755,"['kukka', 'tving', 'netflix', 'milessbook', 'tlxpass', 'wisely', 'bacon']"
755,756,"['naver', 'netflix']"
756,757,"['youtube', 'dailyshot']"
757,758,"['netflix', 'dailyshot', 'coupang', 'laftel', 'milessbook', 'tlxpass', 'wisely', 'naver']"
758,759,"['naver', 'tlxpass', 'socar', 'youtube']"
759,760,"['wisely', 'socar']"
760,761,"['watcha', 'melon']"
761,762,"['socar', 'netflix', 'coupang', 'laftel', 'publy', 'moonday', 'milessbook', 'youtube', 'watcha', 'tlxpass', 'wisely', 'closetshare']"
762,763,"['socar', 'coupang', 'youtube', 'closetshare']"
763,764,"['naver', 'closetshare', 'publy']"
764,765,"['socar', 'tving', 'publy', 'netflix']"
765,766,"['kukka', 'tving', 'netflix', 'dailyshot', 'publy', 'coupang', 'watcha', 'melon', 'tlxpass', 'closetshare']"
766,767,"['netflix', 'youtube']"
767,768,"['socar', 'kukka', 'netflix', 'dailyshot', 'laftel', 'publy', 'moonday', 'milessbook', 'youtube', 'closetshare', 'bacon']"
768,769,"['socar', 'publy', 'bacon', 'milessbook', 'naver', 'wisely', 'closetshare']"
769,770,"['naver', 'milessbook']"
770,771,"['socar', 'kukka', 'trive', 'dailyshot', 'coupang', 'laftel', 'milessbook', 'moonday', 'tlxpass', 'wisely', 'bacon']"
771,772,"['kukka', 'tving', 'laftel', 'youtube', 'closetshare']"
772,773,"['socar', 'trive', 'dailyshot', 'publy', 'milessbook', 'moonday', 'youtube', 'watcha', 'closetshare', 'bacon']"
773,774,"['naver', 'socar', 'tving']"
774,775,"['socar', 'tving', 'netflix', 'dailyshot', 'coupang', 'publy', 'milessbook', 'closetshare', 'melon', 'tlxpass', 'bacon']"
775,776,"['laftel', 'publy', 'watcha', 'naver', 'tlxpass', 'bacon']"
776,777,"['netflix', 'tving', 'laftel', 'publy', 'coupang', 'milessbook', 'moonday', 'youtube', 'tlxpass', 'wisely', 'bacon']"
777,778,"['watcha', 'dailyshot']"
778,779,"['netflix', 'laftel', 'milessbook', 'melon', 'wisely']"
779,780,"['milessbook', 'melon', 'bacon']"
780,781,"['kukka', 'trive', 'tving', 'publy', 'coupang', 'laftel', 'moonday', 'melon', 'wisely', 'closetshare', 'naver']"
781,782,"['wisely', 'dailyshot', 'naver']"
782,783,"['socar', 'kukka', 'trive', 'netflix', 'dailyshot', 'milessbook', 'melon', 'naver', 'tlxpass', 'bacon']"
783,784,"['tlxpass', 'trive', 'laftel', 'bacon']"
784,785,"['socar', 'kukka', 'netflix', 'tving', 'publy', 'laftel', 'moonday', 'youtube', 'watcha', 'closetshare', 'tlxpass', 'wisely', 'bacon']"
785,786,"['trive', 'netflix', 'dailyshot', 'milessbook', 'moonday', 'watcha', 'naver']"
786,787,"['socar', 'kukka', 'netflix', 'tving', 'dailyshot', 'coupang', 'moonday', 'watcha', 'naver', 'wisely']"
787,788,"['kukka', 'netflix', 'tving', 'youtube', 'wisely', 'bacon']"
788,789,"['kukka', 'netflix', 'coupang', 'moonday', 'youtube', 'watcha', 'melon', 'naver']"
789,790,"['socar', 'trive', 'coupang', 'moonday', 'closetshare', 'naver', 'tlxpass', 'bacon']"
790,791,"['laftel', 'tving', 'closetshare']"
791,792,"['kukka', 'tving', 'dailyshot', 'publy', 'laftel', 'milessbook', 'watcha', 'melon', 'wisely', 'bacon']"
792,793,"['moonday', 'milessbook', 'youtube', 'melon', 'tlxpass', 'naver']"
793,794,"['naver', 'trive']"
794,795,"['naver', 'socar']"
795,796,"['socar', 'tving', 'netflix', 'dailyshot', 'publy', 'coupang', 'milessbook', 'moonday', 'youtube', 'tlxpass', 'wisely', 'bacon', 'naver']"
796,797,"['kukka', 'netflix', 'trive', 'dailyshot', 'publy', 'youtube', 'closetshare', 'melon', 'wisely', 'tlxpass', 'bacon']"
797,798,"['moonday', 'coupang']"
798,799,"['socar', 'trive', 'netflix', 'dailyshot', 'milessbook', 'wisely', 'closetshare']"
799,800,"['trive', 'laftel', 'netflix']"
800,801,"['trive', 'melon', 'dailyshot', 'coupang']"
801,802,"['socar', 'trive', 'tving', 'laftel', 'coupang', 'publy', 'moonday', 'watcha', 'melon', 'bacon']"
802,803,"['socar', 'trive', 'dailyshot', 'coupang', 'publy', 'laftel', 'moonday', 'youtube', 'watcha', 'melon', 'wisely', 'tlxpass', 'naver']"
803,804,"['socar', 'kukka', 'tving', 'dailyshot', 'laftel', 'coupang', 'milessbook', 'youtube', 'wisely', 'closetshare', 'naver']"
804,805,"['socar', 'kukka', 'tving', 'trive', 'dailyshot', 'moonday', 'milessbook', 'youtube', 'melon', 'wisely', 'tlxpass']"
805,806,"['dailyshot', 'publy', 'youtube', 'tlxpass', 'wisely', 'bacon', 'naver']"
806,807,"['wisely', 'tving', 'closetshare']"
807,808,"['socar', 'kukka', 'netflix', 'trive', 'publy', 'laftel', 'moonday', 'naver', 'wisely', 'bacon']"
808,809,"['dailyshot', 'publy', 'milessbook', 'youtube', 'watcha', 'melon', 'wisely', 'tlxpass', 'bacon']"
809,810,"['tving', 'dailyshot', 'publy', 'melon', 'wisely', 'tlxpass', 'closetshare']"
810,811,"['moonday', 'trive', 'kukka']"
811,812,"['kukka', 'netflix', 'tving', 'dailyshot', 'publy', 'coupang', 'moonday', 'youtube', 'tlxpass', 'closetshare', 'naver']"
812,813,"['trive', 'watcha', 'closetshare', 'netflix']"
813,814,"['socar', 'kukka', 'tving', 'coupang', 'milessbook', 'watcha', 'naver', 'wisely', 'bacon']"
814,815,"['dailyshot', 'publy', 'moonday', 'wisely', 'tlxpass']"
815,816,"['naver', 'socar', 'trive', 'publy']"
816,817,"['youtube', 'kukka']"
817,818,"['wisely', 'tlxpass', 'kukka']"
818,819,"['trive', 'dailyshot', 'bacon', 'milessbook', 'youtube', 'watcha', 'wisely', 'closetshare']"
819,820,"['socar', 'netflix', 'tving', 'dailyshot', 'coupang', 'milessbook', 'youtube', 'watcha', 'melon', 'wisely', 'bacon']"
820,821,"['kukka', 'tving', 'publy', 'milessbook', 'melon', 'tlxpass', 'wisely', 'bacon', 'naver']"
821,822,"['kukka', 'netflix', 'publy', 'coupang', 'melon', 'naver', 'tlxpass', 'wisely']"
822,823,"['tving', 'kukka', 'dailyshot']"
823,824,"['kukka', 'netflix', 'dailyshot', 'laftel', 'bacon', 'moonday', 'closetshare']"
824,825,"['tving', 'dailyshot', 'laftel', 'publy', 'youtube', 'watcha', 'melon', 'tlxpass', 'naver']"
825,826,"['netflix', 'trive', 'laftel', 'watcha', 'wisely', 'closetshare', 'naver']"
826,827,"['tlxpass', 'coupang']"
827,828,"['socar', 'kukka', 'trive', 'tving', 'publy', 'milessbook', 'moonday', 'bacon']"
828,829,"['tving', 'netflix', 'dailyshot', 'publy', 'milessbook', 'moonday', 'naver', 'bacon']"
829,830,"['milessbook', 'dailyshot', 'bacon']"
830,831,"['trive', 'closetshare']"
831,832,"['trive', 'laftel']"
832,833,"['trive', 'youtube', 'watcha', 'melon', 'naver', 'wisely']"
833,834,"['kukka', 'trive', 'laftel', 'publy', 'coupang', 'moonday', 'melon', 'closetshare']"
834,835,"['netflix', 'laftel', 'coupang', 'publy', 'youtube', 'naver']"
835,836,"['wisely', 'youtube', 'publy']"
836,837,"['socar', 'netflix', 'trive', 'dailyshot', 'laftel', 'publy', 'moonday', 'youtube', 'watcha', 'wisely', 'bacon']"
837,838,"['dailyshot', 'moonday', 'milessbook', 'melon', 'tlxpass', 'closetshare', 'naver']"
838,839,"['socar', 'tving', 'dailyshot', 'laftel', 'milessbook', 'watcha']"
839,840,"['laftel', 'bacon']"
840,841,"['watcha', 'melon']"
841,842,"['kukka', 'tving', 'laftel', 'moonday', 'melon', 'naver', 'bacon']"
842,843,"['kukka', 'trive', 'netflix', 'publy', 'laftel', 'youtube', 'melon']"
843,844,"['trive', 'melon', 'dailyshot', 'closetshare']"
844,845,"['kukka', 'netflix', 'trive', 'laftel', 'coupang', 'publy', 'bacon', 'watcha', 'tlxpass', 'closetshare']"
845,846,"['trive', 'netflix', 'bacon', 'moonday', 'watcha', 'melon', 'naver', 'wisely', 'closetshare']"
846,847,"['dailyshot', 'coupang']"
847,848,"['dailyshot', 'laftel', 'publy', 'moonday', 'melon', 'naver']"
848,849,"['socar', 'kukka', 'netflix', 'trive', 'dailyshot', 'laftel', 'youtube', 'watcha', 'melon', 'wisely', 'tlxpass', 'naver']"
849,850,"['socar', 'netflix', 'tving', 'dailyshot', 'bacon', 'milessbook', 'watcha', 'melon', 'closetshare']"
850,851,"['socar', 'kukka', 'dailyshot', 'laftel', 'moonday', 'youtube', 'watcha', 'tlxpass', 'wisely']"
851,852,"['kukka', 'trive', 'tving', 'publy', 'coupang', 'moonday', 'melon', 'tlxpass', 'closetshare']"
852,853,"['tlxpass', 'socar', 'youtube']"
853,854,"['wisely', 'tlxpass', 'socar', 'bacon']"
854,855,"['kukka', 'dailyshot', 'publy', 'milessbook', 'moonday', 'wisely', 'bacon']"
855,856,"['netflix', 'watcha', 'melon']"
856,857,"['milessbook', 'trive', 'laftel']"
857,858,"['socar', 'kukka', 'netflix', 'tving', 'dailyshot', 'laftel', 'trive', 'moonday', 'youtube', 'watcha', 'melon', 'naver', 'tlxpass', 'bacon']"
858,859,"['wisely', 'milessbook']"
859,860,"['kukka', 'tving', 'moonday', 'youtube', 'watcha', 'tlxpass']"
860,861,"['wisely', 'trive']"
861,862,"['socar', 'tving', 'dailyshot', 'watcha', 'tlxpass']"
862,863,"['kukka', 'trive', 'dailyshot', 'coupang', 'laftel', 'milessbook', 'moonday', 'wisely', 'bacon', 'naver']"
863,864,"['tving', 'laftel', 'publy', 'moonday', 'milessbook', 'tlxpass', 'wisely']"
864,865,"['trive', 'publy', 'bacon']"
865,866,"['tving', 'dailyshot', 'laftel', 'coupang', 'publy']"
866,867,"['tlxpass', 'milessbook', 'dailyshot', 'bacon']"
867,868,"['kukka', 'tving', 'publy', 'milessbook', 'moonday', 'naver']"
868,869,"['kukka', 'tving', 'netflix', 'bacon', 'coupang', 'milessbook', 'wisely', 'closetshare']"
869,870,"['socar', 'dailyshot', 'bacon', 'publy', 'milessbook', 'youtube', 'melon', 'naver', 'tlxpass', 'closetshare']"
870,871,"['socar', 'trive', 'tving', 'bacon', 'publy', 'youtube', 'melon', 'wisely', 'closetshare']"
871,872,"['moonday', 'tving', 'laftel']"
872,873,"['kukka', 'tving', 'dailyshot', 'laftel', 'milessbook', 'naver']"
873,874,"['naver', 'coupang', 'publy']"
874,875,"['kukka', 'laftel', 'moonday', 'watcha', 'melon', 'tlxpass']"
875,876,"['bacon', 'publy']"
876,877,"['socar', 'tving', 'trive', 'publy', 'coupang', 'laftel', 'bacon', 'moonday', 'youtube', 'melon', 'wisely', 'closetshare']"
877,878,"['socar', 'kukka', 'laftel', 'youtube', 'melon', 'tlxpass', 'bacon']"
878,879,"['tving', 'dailyshot']"
879,880,"['socar', 'kukka', 'tving', 'netflix', 'trive', 'publy', 'coupang', 'melon', 'tlxpass', 'naver']"
880,881,"['milessbook', 'moonday']"
881,882,"['wisely', 'coupang']"
882,883,"['coupang', 'netflix', 'bacon', 'publy']"
883,884,"['trive', 'tving', 'laftel', 'coupang', 'publy', 'wisely', 'closetshare']"
884,885,"['socar', 'netflix', 'moonday', 'closetshare', 'tlxpass', 'wisely', 'bacon', 'naver']"
885,886,"['wisely', 'netflix', 'youtube', 'watcha']"
886,887,"['netflix', 'trive', 'laftel', 'publy', 'youtube', 'melon']"
887,888,"['tlxpass', 'moonday']"
888,889,"['socar', 'kukka', 'netflix', 'coupang', 'bacon', 'publy', 'watcha', 'tlxpass', 'closetshare']"
889,890,"['kukka', 'tving', 'trive', 'dailyshot', 'laftel', 'moonday', 'tlxpass', 'naver']"
890,891,"['trive', 'dailyshot', 'bacon', 'laftel', 'moonday', 'naver', 'closetshare']"
891,892,"['trive', 'dailyshot', 'melon']"
892,893,"['kukka', 'dailyshot', 'publy', 'laftel', 'milessbook', 'youtube', 'naver']"
893,894,"['netflix', 'dailyshot', 'bacon', 'publy', 'moonday', 'closetshare']"
894,895,"['dailyshot', 'publy', 'moonday', 'watcha', 'wisely']"
895,896,"['socar', 'kukka', 'trive', 'tving', 'moonday', 'milessbook', 'youtube', 'watcha', 'melon', 'wisely', 'naver']"
896,897,"['socar', 'tving', 'coupang', 'milessbook', 'youtube', 'naver', 'bacon']"
897,898,"['dailyshot', 'coupang', 'watcha', 'naver', 'closetshare']"
898,899,"['naver', 'kukka', 'closetshare']"
899,900,"['dailyshot', 'moonday', 'watcha', 'melon', 'naver', 'bacon']"
900,901,"['tving', 'closetshare', 'laftel']"
901,902,"['socar', 'kukka', 'trive', 'publy', 'coupang', 'youtube', 'watcha', 'naver', 'bacon']"
902,903,"['socar', 'kukka', 'tving', 'dailyshot', 'moonday', 'milessbook', 'youtube', 'tlxpass', 'wisely']"
903,904,"['socar', 'tving', 'netflix', 'publy', 'laftel', 'youtube', 'watcha', 'melon', 'tlxpass', 'naver']"
904,905,"['trive', 'coupang', 'laftel', 'milessbook', 'youtube', 'watcha', 'melon', 'tlxpass', 'bacon']"
905,906,"['socar', 'netflix', 'tving', 'coupang', 'tlxpass', 'closetshare']"
906,907,"['socar', 'kukka', 'trive', 'coupang', 'publy', 'milessbook', 'moonday', 'naver', 'wisely', 'bacon']"
907,908,"['tving', 'trive', 'dailyshot', 'coupang', 'laftel', 'milessbook', 'youtube', 'watcha', 'naver', 'bacon']"
908,909,"['socar', 'trive', 'moonday', 'watcha', 'closetshare']"
909,910,"['trive', 'dailyshot', 'coupang', 'moonday', 'watcha', 'melon', 'wisely']"
910,911,"['tving', 'publy', 'bacon', 'watcha', 'tlxpass', 'closetshare']"
911,912,"['dailyshot', 'coupang', 'publy', 'laftel', 'milessbook', 'closetshare', 'melon', 'tlxpass', 'bacon']"
912,913,"['socar', 'netflix', 'tving', 'coupang', 'youtube', 'watcha', 'melon', 'wisely', 'tlxpass', 'bacon', 'naver']"
913,914,"['watcha', 'bacon']"
914,915,"['socar', 'netflix', 'trive', 'publy', 'moonday', 'youtube', 'watcha', 'melon', 'naver', 'tlxpass', 'wisely', 'closetshare']"
915,916,"['tlxpass', 'coupang', 'publy']"
916,917,"['wisely', 'tving', 'closetshare']"
917,918,"['socar', 'kukka', 'dailyshot', 'coupang', 'bacon', 'milessbook', 'moonday', 'youtube', 'melon', 'tlxpass', 'closetshare', 'naver']"
918,919,"['trive', 'dailyshot', 'coupang', 'publy', 'wisely', 'tlxpass', 'bacon']"
919,920,"['milessbook', 'trive', 'publy', 'netflix']"
920,921,"['tlxpass', 'milessbook', 'tving', 'moonday']"
921,922,"['kukka', 'laftel']"
922,923,"['netflix', 'publy', 'laftel', 'youtube', 'watcha', 'bacon']"
923,924,"['socar', 'coupang']"
924,925,"['trive', 'bacon', 'youtube', 'wisely', 'closetshare']"
925,926,"['kukka', 'trive', 'tving', 'netflix', 'laftel', 'publy', 'milessbook', 'youtube', 'watcha', 'melon', 'tlxpass', 'bacon']"
926,927,"['netflix', 'dailyshot', 'coupang', 'watcha', 'closetshare']"
927,928,"['socar', 'publy', 'milessbook', 'melon', 'tlxpass']"
928,929,"['socar', 'kukka', 'trive', 'publy', 'moonday', 'youtube', 'melon', 'wisely', 'tlxpass']"
929,930,"['kukka', 'melon']"
930,931,"['dailyshot', 'coupang', 'milessbook', 'moonday', 'youtube', 'wisely']"
931,932,"['socar', 'trive', 'netflix', 'dailyshot', 'laftel', 'coupang', 'milessbook', 'youtube', 'watcha', 'melon', 'naver', 'bacon']"
932,933,"['trive', 'tving', 'dailyshot', 'laftel']"
933,934,"['trive', 'netflix', 'publy', 'milessbook', 'bacon']"
934,935,"['socar', 'tving', 'trive', 'dailyshot', 'bacon', 'moonday', 'youtube', 'watcha', 'closetshare']"
935,936,"['socar', 'tving', 'milessbook', 'moonday', 'youtube', 'watcha', 'wisely', 'naver']"
936,937,"['melon', 'bacon']"
937,938,"['netflix', 'coupang', 'bacon', 'laftel', 'moonday', 'youtube', 'watcha', 'naver', 'closetshare']"
938,939,"['wisely', 'socar', 'watcha', 'laftel']"
939,940,"['tving', 'coupang', 'publy', 'bacon', 'moonday', 'milessbook', 'watcha', 'naver', 'closetshare']"
940,941,"['socar', 'kukka', 'tving', 'trive', 'dailyshot', 'bacon', 'publy', 'moonday', 'youtube', 'tlxpass', 'wisely', 'closetshare', 'naver']"
941,942,"['laftel', 'bacon', 'moonday', 'wisely', 'closetshare']"
942,943,"['naver', 'milessbook', 'kukka', 'watcha']"
943,944,"['kukka', 'trive', 'coupang', 'laftel', 'publy', 'moonday', 'youtube', 'watcha', 'bacon']"
944,945,"['coupang', 'moonday', 'youtube', 'tlxpass', 'closetshare']"
945,946,"['wisely', 'socar', 'tving', 'coupang']"
946,947,"['socar', 'tving', 'trive', 'dailyshot', 'publy', 'moonday', 'watcha', 'melon', 'naver', 'bacon']"
947,948,"['socar', 'kukka', 'tving', 'netflix', 'coupang', 'bacon', 'milessbook', 'watcha', 'wisely', 'closetshare']"
948,949,"['socar', 'trive', 'netflix', 'coupang', 'laftel', 'moonday', 'wisely']"
949,950,"['socar', 'trive', 'tving', 'tlxpass', 'closetshare']"
950,951,"['tving', 'netflix', 'laftel', 'watcha', 'wisely', 'closetshare']"
951,952,"['tlxpass', 'moonday', 'netflix', 'socar']"
952,953,"['tving', 'publy', 'moonday', 'youtube', 'naver', 'tlxpass', 'closetshare']"
953,954,"['socar', 'tving', 'netflix', 'dailyshot', 'publy', 'laftel', 'bacon', 'youtube', 'melon', 'closetshare']"
954,955,"['netflix', 'tving', 'dailyshot', 'coupang', 'publy', 'moonday', 'youtube', 'closetshare', 'wisely', 'bacon']"
955,956,"['trive', 'netflix', 'coupang', 'bacon', 'closetshare']"
956,957,"['kukka', 'netflix', 'trive', 'laftel', 'publy', 'youtube', 'watcha', 'melon', 'wisely', 'tlxpass', 'closetshare', 'naver']"
957,958,"['socar', 'trive', 'dailyshot', 'laftel', 'publy', 'youtube', 'watcha']"
958,959,"['kukka', 'trive', 'coupang', 'milessbook', 'moonday', 'watcha', 'melon', 'tlxpass', 'bacon']"
959,960,"['wisely', 'milessbook', 'youtube', 'dailyshot']"
960,961,"['tving', 'trive', 'coupang', 'moonday', 'milessbook', 'naver']"
961,962,"['wisely', 'publy']"
962,963,"['tving', 'trive', 'laftel', 'youtube', 'watcha', 'naver', 'bacon']"
963,964,"['tving', 'publy']"
964,965,"['socar', 'kukka', 'publy', 'moonday', 'tlxpass', 'bacon']"
965,966,"['trive', 'dailyshot', 'laftel', 'milessbook', 'youtube', 'watcha', 'melon', 'tlxpass', 'naver']"
966,967,"['kukka', 'trive', 'dailyshot', 'publy', 'coupang', 'moonday', 'youtube', 'watcha', 'melon', 'naver', 'closetshare']"
967,968,"['naver', 'milessbook', 'tving', 'socar']"
968,969,"['kukka', 'coupang']"
969,970,"['socar', 'tving', 'netflix', 'dailyshot', 'coupang', 'laftel', 'moonday', 'milessbook', 'youtube']"
970,971,"['kukka', 'publy', 'bacon', 'moonday', 'melon', 'wisely', 'closetshare']"
971,972,"['tving', 'netflix', 'dailyshot', 'coupang', 'bacon', 'trive', 'moonday', 'milessbook', 'youtube', 'watcha', 'naver', 'closetshare']"
972,973,"['netflix', 'laftel', 'publy', 'moonday', 'youtube', 'closetshare', 'wisely', 'tlxpass', 'bacon']"
973,974,"['youtube', 'kukka']"
974,975,"['kukka', 'tving', 'dailyshot', 'moonday', 'wisely', 'closetshare']"
975,976,"['trive', 'dailyshot', 'bacon', 'moonday', 'closetshare']"
976,977,"['laftel', 'publy', 'moonday', 'naver', 'wisely']"
977,978,"['trive', 'tving', 'publy', 'moonday', 'youtube', 'watcha']"
978,979,"['trive', 'tving', 'watcha', 'laftel']"
979,980,"['socar', 'netflix', 'laftel', 'youtube', 'watcha', 'melon', 'wisely']"
980,981,"['socar', 'tving', 'youtube', 'melon']"
981,982,"['netflix', 'trive', 'dailyshot', 'moonday', 'milessbook', 'youtube', 'watcha', 'melon', 'tlxpass', 'wisely', 'bacon']"
982,983,"['netflix', 'coupang', 'watcha', 'naver', 'bacon']"
983,984,"['tving', 'melon', 'coupang']"
984,985,"['trive', 'netflix', 'tving', 'laftel', 'dailyshot', 'moonday', 'closetshare', 'watcha', 'melon', 'wisely', 'tlxpass', 'bacon', 'naver']"
985,986,"['trive', 'tving', 'dailyshot', 'netflix', 'milessbook', 'moonday', 'youtube', 'watcha', 'melon', 'naver', 'bacon']"
986,987,"['netflix', 'tving', 'laftel', 'milessbook', 'moonday', 'melon', 'naver']"
987,988,"['socar', 'trive', 'dailyshot', 'coupang', 'milessbook', 'youtube', 'tlxpass', 'closetshare']"
988,989,"['laftel', 'publy']"
989,990,"['moonday', 'tving', 'watcha', 'bacon']"
990,991,"['dailyshot', 'coupang', 'publy', 'milessbook', 'tlxpass', 'naver']"
991,992,"['netflix', 'youtube', 'melon']"
992,993,"['netflix', 'tving', 'laftel', 'moonday', 'youtube', 'tlxpass', 'closetshare']"
993,994,"['kukka', 'publy']"
994,995,"['milessbook', 'youtube', 'dailyshot', 'watcha']"
995,996,"['tlxpass', 'dailyshot', 'coupang']"
996,997,"['kukka', 'trive', 'tving', 'bacon', 'publy', 'coupang', 'watcha', 'naver', 'tlxpass', 'closetshare']"
997,998,"['kukka', 'tving', 'laftel', 'publy', 'youtube', 'watcha', 'naver']"
998,999,"['kukka', 'netflix', 'coupang', 'laftel', 'youtube', 'watcha', 'naver', 'closetshare']"
999,1000,"['laftel', 'youtube', 'coupang']"
